Κωδικός,Ονομασία,Ποσό 1,Ποσό 2,Ποσό 3
1.,"ΕΣΟΔΑ Ευρώ",1.304.827.000.000,,
11.,"Φόροι »",62.055.000.000,,
12.,"Κοινωνικές εισφορές »",60.000.000,,
13.,"Μεταβιβάσεις »",8.131.000.000,,
14.,"Πωλήσεις αγαθών και υπηρεσιών »",2.405.000.000,,
15.,"Λοιπά τρέχοντα έσοδα »",2.775.000.000,,
31.,"Πάγια Περιουσιακά Στοιχεία »",37.000.000,,
43.,"Χρεωστικοί τίτλοι »",11.000.000,,
44.,"Δάνεια » 20.000.000 45. Συμμετοχικοί τίτλοι και μερίδια επενδυτικών κεφαλαίων »",467.000.000,,
52.,"Υποχρεώσεις από νόμισμα και καταθέσεις »",66.000.000,,
53.,"Χρεωστικοί τίτλοι (υποχρεώσεις) »",25.973.000.000,,
54.,"Δάνεια »",1.202.027.000.000,,
57.,"Χρηματοοικονομικά παράγωγα »",800.000.000,,
2.,"ΕΞΟΔΑ »",1.307.907.506.000,,
21.,"Παροχές σε εργαζομένους »",14.889.199.000,,
22.,"Κοινωνικές παροχές »",425.136.000,,
23.,"Μεταβιβάσεις »",34.741.365.000,,
24.,"Αγορές αγαθών και υπηρεσιών »",2.039.542.000,,
25.,"Επιδοτήσεις »",80.630.000,,
26.,"Τόκοι »",7.701.101.000,,
27.,"Λοιπές δαπάνες »",101.553.000,,
29.,"Πιστώσεις υπό κατανομή »",17.283.053.000,,
31.,"Πάγια περιουσιακά στοιχεία »",2.609.600.000,,
33.,"Τιμαλφή »",85.000,,
44.,"Δάνεια » 3.741.000.000 45. Συμμετοχικοί τίτλοι και μερίδια επενδυτικών κεφαλαίων »",1.755.112.000,,
53.,"Χρεωστικοί τίτλοι (υποχρεώσεις) »",19.375.000.000,,
54.,"Δάνεια »",1.203.165.130.000,,
,"3. ΑΠΟΤΕΛΕΣΜΑ ΚΡΑΤΙΚΟΥ ΠΡΟΫΠΟΛΟΓΙΣΜΟΥ (ΕΣΟΔΑ - ΕΞΟΔΑ) »",-3.080.506.000,,
1001,"Προεδρία της Δημοκρατίας",4.638.000,0,4.638.000
1003,"Βουλή των Ελλήνων",169.950.000,2.000.000,171.950.000
1004,"Προεδρία της Κυβέρνησης",37.689.000,4.000.000,41.689.000
,"Υπουργεία",1.293.515.637.000,14.094.000.000,1.307.609.637.000
1007,"Υπουργείο Εσωτερικών",3.449.276.000,381.000.000,3.830.276.000
1009,"Υπουργείο Εξωτερικών",390.237.000,30.000.000,420.237.000
1011,"Υπουργείο Εθνικής Άμυνας",6.061.000.000,69.000.000,6.130.000.000
1015,"Υπουργείο Υγείας",6.608.424.000,569.000.000,7.177.424.000
1017,"Υπουργείο Δικαιοσύνης",577.803.000,73.000.000,650.803.000
1020,"Υπουργείο Παιδείας  Θρησκευμάτων και Αθλητισμού",5.594.000.000,1.012.000.000,6.606.000.000
1022,"Υπουργείο Πολιτισμού",257.419.000,318.000.000,575.419.000
1024,"Υπουργείο Εθνικής Οικονομίας και Οικονομικών",1.243.381.464.000,3.137.000.000,1.246.518.464.000
1029,"Υπουργείο Αγροτικής Ανάπτυξης και Τροφίμων",222.403.000,1.059.000.000,1.281.403.000
1031,"Υπουργείο Περιβάλλοντος και Ενέργειας",319.227.000,2.022.000.000,2.341.227.000
1032,"Υπουργείο Εργασίας και Κοινωνικής Ασφάλισης",18.215.084.000,463.000.000,18.678.084.000
1034,"Υπουργείο Κοινωνικής Συνοχής και Οικογένειας",3.786.553.000,203.000.000,3.989.553.000
1036,"Υπουργείο Ανάπτυξης",123.045.000,695.000.000,818.045.000
1039,"Υπουργείο Υποδομών και Μεταφορών",881.810.000,1.813.000.000,2.694.810.000
1041,"Υπουργείο Ναυτιλίας και Νησιωτικής Πολίτικης",336.864.000,315.000.000,651.864.000
1045,"Υπουργείο Τουρισμού",39.293.000,150.000.000,189.293.000
1053,"Υπουργείο Ψηφιακής Διακυβέρνησης",151.928.000,922.000.000,1.073.928.000
1055,"Υπουργείο Μετανάστευσης και Ασύλου",141.871.000,334.000.000,475.871.000
1057,"Υπουργείο Προστασίας του Πολίτη",2.217.820.000,68.000.000,2.285.820.000
1060,"Υπουργείο Κλιματικής Κρίσης και Πολιτικής Προστασίας",760.116.000,461.000.000,1.221.116.000
,"Αποκεντρωμένες Διοικήσεις",79.592.000,0,79.592.000
1901,"Αποκεντρωμένη Διοίκηση Αττικής",13.091.000,0,13.091.000
1905,"Αποκεντρωμένη Διοίκηση Αιγαίου",6.188.000,0,6.188.000
1906,"Αποκεντρωμένη Διοίκηση Κρήτης",6.497.000,0,6.497.000
1907,"Αποκεντρωμένη Διοίκηση Μακεδονίας - Θράκης",18.376.000,0,18.376.000
11,"Φόροι",62.055.000.000,,
12,"Κοινωνικές εισφορές",60.000.000,,
13,"Μεταβιβάσεις",8.131.000.000,,
14,"Πωλήσεις αγαθών και υπηρεσιών",2.405.000.000,,
15,"Λοιπά τρέχοντα έσοδα",2.775.000.000,,
31,"Πάγια περιουσιακά στοιχεία",37.000.000,,
43,"Χρεωστικοί τίτλοι",11.000.000,,
44,"Δάνεια",20.000.000,,
45,"Συμμετοχικοί τίτλοι και μερίδια επενδυτικών κεφαλαίων",467.000.000,,
52,"Υποχρεώσεις από νόμισμα και καταθέσεις",66.000.000,,
53,"Χρεωστικοί τίτλοι (Υποχρεώσεις)",25.973.000.000,,
54,"Δάνεια",1.202.027.000.000,,
57,"Χρηματοοικονομικά παράγωγα 800.000.000 Σύνολο:",1.304.827.000.000,,
11,"Φόροι",62.055.000.000,,
111,"Φόροι επί αγαθών και υπηρεσιών",33.667.000.000,,
112,"Φόροι και δασμοί επί εισαγωγών",362.000.000,,
113,"Τακτικοί φόροι ακίνητης περιουσίας",2.353.000.000,,
114,"Λοιποί φόροι επί παραγωγής",355.000.000,,
115,"Φόρος εισοδήματος",23.719.000.000,,
116,"Φόροι κεφαλαίου",232.000.000,,
119,"Λοιποί τρέχοντες φόροι",1.367.000.000,,
12,"Κοινωνικές εισφορές",60.000.000,,
122,"Λοιπές κοινωνικές εισφορές",60.000.000,,
13,"Μεταβιβάσεις",8.131.000.000,,
131,"Τρέχουσες εγχώριες μεταβιβάσεις",322.000.000,,
132,"Τρέχουσες μεταβιβάσεις από οργανισμούς και κράτη-μέλη της Ε.Ε",15.000.000,,
133,"Τρέχουσες μεταβιβάσεις από φορείς του εξωτερικού",8.000.000,,
134,"Επιχορηγήσεις επενδύσεων εσωτερικού",35.000.000,,
135,"Επιχορηγήσεις επενδύσεων από την Ε.Ε.",7.645.000.000,,
139,"Λοιπές κεφαλαιακές μεταβιβάσεις",106.000.000,,
14,"Πωλήσεις αγαθών και υπηρεσιών",2.405.000.000,,
141,"Πωλήσεις αγαθών",2.000.000,,
142,"Παροχή υπηρεσιών",338.000.000,,
143,"Μισθώματα",1.418.000.000,,
144,"Προμήθειες",445.000.000,,
145,"Διοικητικές αμοιβές",199.000.000,,
149,"Λοιπές πωλήσεις",3.000.000,,
15,"Λοιπά τρέχοντα έσοδα",2.775.000.000,,
151,"Τόκοι",588.000.000,,
152,"Διανεμόμενο εισόδημα εταιριών",356.000.000,,
153,"Ενοίκια φυσικών πόρων",75.000.000,,
156,"Πρόστιμα  ποινές και καταλογισμοί",1.102.000.000,,
159,"Επιστροφές δαπανών",654.000.000,,
31,"Πάγια περιουσιακά στοιχεία",37.000.000,,
311,"Κτίρια και συναφείς υποδομές",37.000.000,,
43,"Χρεωστικοί τίτλοι",11.000.000,,
432,"Μακροπρόθεσμοι χρεωστικοί τίτλοι",11.000.000,,
44,"Δάνεια",20.000.000,,
442,"Μακροπρόθεσμα Δάνεια",20.000.000,,
45,"Συμμετοχικοί τίτλοι και μερίδια επενδυτικών κεφαλαίων",467.000.000,,
451,"Εισηγμένες μετοχές",239.000.000,,
452,"Μη εισηγμένες μετοχές",228.000.000,,
52,"Υποχρεώσεις από νόμισμα και καταθέσεις",66.000.000,,
521,"Υποχρεώσεις από νόμισμα σε κυκλοφορία",66.000.000,,
53,"Χρεωστικοί τίτλοι (Υποχρεώσεις)",25.973.000.000,,
531,"Βραχυπρόθεσμοι χρεωστικοί τίτλοι",17.000.000.000,,
532,"Μακροπρόθεσμοι χρεωστικοί τίτλοι",8.973.000.000,,
54,"Δάνεια",1.202.027.000.000,,
541,"Βραχυπρόθεσμα δάνεια",1.200.000.000.000,,
542,"Μακροπρόθεσμα δάνεια",2.027.000.000,,
57,"Χρηματοοικονομικά παράγωγα",800.000.000,,
571,"Χρηματοοικονομικά παράγωγα",800.000.000,,
13,"Μεταβιβάσεις",35.000.000,,
134,"Επιχορηγήσεις επενδύσεων εσωτερικού",35.000.000,,
15,"Λοιπά τρέχοντα έσοδα",265.000.000,,
156,"Πρόστιμα  ποινές και καταλογισμοί",1.000.000,,
159,"Επιστροφές δαπανών",264.000.000,,
13,"Μεταβιβάσεις",4.190.000.000,,
135,"Επιχορηγήσεις επενδύσεων από την Ε.Ε.",4.190.000.000,,
21,"Παροχές σε εργαζομένους",14.889.199.000,,
22,"Κοινωνικές παροχές",425.136.000,,
23,"Μεταβιβάσεις",34.741.365.000,,
24,"Αγορές αγαθών και υπηρεσιών",2.039.542.000,,
25,"Επιδοτήσεις",80.630.000,,
26,"Τόκοι",7.701.101.000,,
27,"Λοιπές δαπάνες",101.553.000,,
29,"Πιστώσεις υπό κατανομή",17.283.053.000,,
31,"Πάγια περιουσιακά στοιχεία",2.609.600.000,,
33,"Τιμαλφή",85.000,,
44,"Δάνεια",3.741.000.000,,
45,"Συμμετοχικοί τίτλοι και μερίδια επενδυτικών κεφαλαίων",1.755.112.000,,
53,"Χρεωστικοί τίτλοι (υποχρεώσεις)",19.375.000.000,,
21,"Παροχές σε εργαζομένους",14.889.199.000,,
22,"Κοινωνικές παροχές",425.136.000,,
23,"Μεταβιβάσεις",34.741.365.000,,
24,"Αγορές αγαθών και υπηρεσιών",2.039.542.000,,
25,"Επιδοτήσεις",80.630.000,,
26,"Τόκοι",7.701.101.000,,
27,"Λοιπές δαπάνες",101.553.000,,
29,"Πιστώσεις υπό κατανομή",3.183.053.000,,
31,"Πάγια περιουσιακά στοιχεία",2.609.600.000,,
33,"Τιμαλφή",85.000,,
44,"Δάνεια",3.741.000.000,,
45,"Συμμετοχικοί τίτλοι και μερίδια επενδυτικών κεφαλαίων",1.755.112.000,,
53,"Χρεωστικοί τίτλοι (υποχρεώσεις)",19.375.000.000,,
1001,"ΠΡΟΕΔΡΙΑ ΤΗΣ ΔΗΜΟΚΡΑΤΙΑΣ",4.638.000,,
1003,"ΒΟΥΛΗ ΤΩΝ ΕΛΛΗΝΩΝ",171.950.000,,
1004,"ΠΡΟΕΔΡΙΑ ΤΗΣ ΚΥΒΕΡΝΗΣΗΣ",41.689.000,,
1007,"ΥΠΟΥΡΓΕΙΟ ΕΣΩΤΕΡΙΚΩΝ",3.830.276.000,,
1009,"ΥΠΟΥΡΓΕΙΟ ΕΞΩΤΕΡΙΚΩΝ",420.237.000,,
1011,"ΥΠΟΥΡΓΕΙΟ ΕΘΝΙΚΗΣ ΑΜΥΝΑΣ",6.130.000.000,,
1015,"ΥΠΟΥΡΓΕΙΟ ΥΓΕΙΑΣ",7.177.424.000,,
1017,"ΥΠΟΥΡΓΕΙΟ ΔΙΚΑΙΟΣΥΝΗΣ",650.803.000,,
1020,"ΥΠΟΥΡΓΕΙΟ ΠΑΙΔΕΙΑΣ  ΘΡΗΣΚΕΥΜΑΤΩΝ ΚΑΙ ΑΘΛΗΤΙΣΜΟΥ",6.606.000.000,,
1022,"ΥΠΟΥΡΓΕΙΟ ΠΟΛΙΤΙΣΜΟΥ",575.419.000,,
1024,"ΥΠΟΥΡΓΕΙΟ ΕΘΝΙΚΗΣ ΟΙΚΟΝΟΜΙΑΣ ΚΑΙ ΟΙΚΟΝΟΜΙΚΩΝ",1.246.518.464.000,,
1029,"ΥΠΟΥΡΓΕΙΟ ΑΓΡΟΤΙΚΗΣ ΑΝΑΠΤΥΞΗΣ ΚΑΙ ΤΡΟΦΙΜΩΝ",1.281.403.000,,
1032,"ΥΠΟΥΡΓΕΙΟ ΕΡΓΑΣΙΑΣ ΚΑΙ ΚΟΙΝΩΝΙΚΗΣ ΑΣΦΑΛΙΣΗΣ",18.678.084.000,,
1034,"ΥΠΟΥΡΓΕΙΟ ΚΟΙΝΩΝΙΚΗΣ ΣΥΝΟΧΗΣ ΚΑΙ ΟΙΚΟΓΕΝΕΙΑΣ",3.989.553.000,,
1036,"ΥΠΟΥΡΓΕΙΟ ΑΝΑΠΤΥΞΗΣ",818.045.000,,
1039,"ΥΠΟΥΡΓΕΙΟ ΥΠΟΔΟΜΩΝ ΚΑΙ ΜΕΤΑΦΟΡΩΝ",2.694.810.000,,
1041,"ΥΠΟΥΡΓΕΙΟ ΝΑΥΤΙΛΙΑΣ ΚΑΙ ΝΗΣΙΩΤΙΚΗΣ ΠΟΛΙΤΙΚΗΣ",651.864.000,,
1045,"ΥΠΟΥΡΓΕΙΟ ΤΟΥΡΙΣΜΟΥ",189.293.000,,
1053,"ΥΠΟΥΡΓΕΙΟ ΨΗΦΙΑΚΗΣ ΔΙΑΚΥΒΕΡΝΗΣΗΣ",1.073.928.000,,
1055,"ΥΠΟΥΡΓΕΙΟ ΜΕΤΑΝΑΣΤΕΥΣΗΣ ΚΑΙ ΑΣΥΛΟΥ",475.871.000,,
1057,"ΥΠΟΥΡΓΕΙΟ ΠΡΟΣΤΑΣΙΑΣ ΤΟΥ ΠΟΛΙΤΗ",2.285.820.000,,
1060,"ΥΠΟΥΡΓΕΙΟ ΚΛΙΜΑΤΙΚΗΣ ΚΡΙΣΗΣ ΚΑΙ ΠΟΛΙΤΙΚΗΣ ΠΡΟΣΤΑΣΙΑΣ",1.221.116.000,,
1901,"ΑΠΟΚΕΝΤΡΩΜΕΝΗ ΔΙΟΙΚΗΣΗ ΑΤΤΙΚΗΣ",13.091.000,,
1902,"ΑΠΟΚΕΝΤΡΩΜΕΝΗ ΔΙΟΙΚΗΣΗ ΘΕΣΣΑΛΙΑΣ - ΣΤΕΡΕΑΣ ΕΛΛΑΔΑΣ",10.579.000,,
1903,"ΑΠΟΚΕΝΤΡΩΜΕΝΗ ΔΙΟΙΚΗΣΗ ΗΠΕΙΡΟΥ - ΔΥΤΙΚΗΣ ΜΑΚΕΔΟΝΙΑΣ",9.943.000,,
1904,"ΑΠΟΚΕΝΤΡΩΜΕΝΗ ΔΙΟΙΚΗΣΗ ΠΕΛΟΠΟΝΝΗΣΟΥ - ΔΥΤΙΚΗΣ ΕΛΛΑΔΑΣ ΚΑΙ ΙΟΝΙΟΥ",14.918.000,,
1905,"ΑΠΟΚΕΝΤΡΩΜΕΝΗ ΔΙΟΙΚΗΣΗ ΑΙΓΑΙΟΥ",6.188.000,,
1906,"ΑΠΟΚΕΝΤΡΩΜΕΝΗ ΔΙΟΙΚΗΣΗ ΚΡΗΤΗΣ",6.497.000,,
1907,"ΑΠΟΚΕΝΤΡΩΜΕΝΗ ΔΙΟΙΚΗΣΗ ΜΑΚΕΔΟΝΙΑΣ - ΘΡΑΚΗΣ 18.376.000 Σύνολο:",1.307.907.506.000,,
1001,"ΠΡΟΕΔΡΙΑ ΤΗΣ ΔΗΜΟΚΡΑΤΙΑΣ",4.638.000,,
1003,"ΒΟΥΛΗ ΤΩΝ ΕΛΛΗΝΩΝ",169.950.000,,
1004,"ΠΡΟΕΔΡΙΑ ΤΗΣ ΚΥΒΕΡΝΗΣΗΣ",37.689.000,,
1007,"ΥΠΟΥΡΓΕΙΟ ΕΣΩΤΕΡΙΚΩΝ",3.449.276.000,,
1009,"ΥΠΟΥΡΓΕΙΟ ΕΞΩΤΕΡΙΚΩΝ",390.237.000,,
1011,"ΥΠΟΥΡΓΕΙΟ ΕΘΝΙΚΗΣ ΑΜΥΝΑΣ",6.061.000.000,,
1015,"ΥΠΟΥΡΓΕΙΟ ΥΓΕΙΑΣ",6.608.424.000,,
1017,"ΥΠΟΥΡΓΕΙΟ ΔΙΚΑΙΟΣΥΝΗΣ",577.803.000,,
1020,"ΥΠΟΥΡΓΕΙΟ ΠΑΙΔΕΙΑΣ  ΘΡΗΣΚΕΥΜΑΤΩΝ ΚΑΙ ΑΘΛΗΤΙΣΜΟΥ",5.594.000.000,,
1022,"ΥΠΟΥΡΓΕΙΟ ΠΟΛΙΤΙΣΜΟΥ",257.419.000,,
1024,"ΥΠΟΥΡΓΕΙΟ ΕΘΝΙΚΗΣ ΟΙΚΟΝΟΜΙΑΣ ΚΑΙ ΟΙΚΟΝΟΜΙΚΩΝ",1.243.381.464.000,,
1029,"ΥΠΟΥΡΓΕΙΟ ΑΓΡΟΤΙΚΗΣ ΑΝΑΠΤΥΞΗΣ ΚΑΙ ΤΡΟΦΙΜΩΝ",222.403.000,,
1032,"ΥΠΟΥΡΓΕΙΟ ΕΡΓΑΣΙΑΣ ΚΑΙ ΚΟΙΝΩΝΙΚΗΣ ΑΣΦΑΛΙΣΗΣ",18.215.084.000,,
1034,"ΥΠΟΥΡΓΕΙΟ ΚΟΙΝΩΝΙΚΗΣ ΣΥΝΟΧΗΣ ΚΑΙ ΟΙΚΟΓΕΝΕΙΑΣ",3.786.553.000,,
1036,"ΥΠΟΥΡΓΕΙΟ ΑΝΑΠΤΥΞΗΣ",123.045.000,,
1039,"ΥΠΟΥΡΓΕΙΟ ΥΠΟΔΟΜΩΝ ΚΑΙ ΜΕΤΑΦΟΡΩΝ",881.810.000,,
1041,"ΥΠΟΥΡΓΕΙΟ ΝΑΥΤΙΛΙΑΣ ΚΑΙ ΝΗΣΙΩΤΙΚΗΣ ΠΟΛΙΤΙΚΗΣ",336.864.000,,
1045,"ΥΠΟΥΡΓΕΙΟ ΤΟΥΡΙΣΜΟΥ",39.293.000,,
1053,"ΥΠΟΥΡΓΕΙΟ ΨΗΦΙΑΚΗΣ ΔΙΑΚΥΒΕΡΝΗΣΗΣ",151.928.000,,
1055,"ΥΠΟΥΡΓΕΙΟ ΜΕΤΑΝΑΣΤΕΥΣΗΣ ΚΑΙ ΑΣΥΛΟΥ",141.871.000,,
1057,"ΥΠΟΥΡΓΕΙΟ ΠΡΟΣΤΑΣΙΑΣ ΤΟΥ ΠΟΛΙΤΗ",2.217.820.000,,
1060,"ΥΠΟΥΡΓΕΙΟ ΚΛΙΜΑΤΙΚΗΣ ΚΡΙΣΗΣ ΚΑΙ ΠΟΛΙΤΙΚΗΣ ΠΡΟΣΤΑΣΙΑΣ",760.116.000,,
1901,"ΑΠΟΚΕΝΤΡΩΜΕΝΗ ΔΙΟΙΚΗΣΗ ΑΤΤΙΚΗΣ",13.091.000,,
1902,"ΑΠΟΚΕΝΤΡΩΜΕΝΗ ΔΙΟΙΚΗΣΗ ΘΕΣΣΑΛΙΑΣ - ΣΤΕΡΕΑΣ ΕΛΛΑΔΑΣ",10.579.000,,
1903,"ΑΠΟΚΕΝΤΡΩΜΕΝΗ ΔΙΟΙΚΗΣΗ ΗΠΕΙΡΟΥ - ΔΥΤΙΚΗΣ ΜΑΚΕΔΟΝΙΑΣ",9.943.000,,
1904,"ΑΠΟΚΕΝΤΡΩΜΕΝΗ ΔΙΟΙΚΗΣΗ ΠΕΛΟΠΟΝΝΗΣΟΥ - ΔΥΤΙΚΗΣ ΕΛΛΑΔΑΣ ΚΑΙ ΙΟΝΙΟΥ",14.918.000,,
1905,"ΑΠΟΚΕΝΤΡΩΜΕΝΗ ΔΙΟΙΚΗΣΗ ΑΙΓΑΙΟΥ",6.188.000,,
1906,"ΑΠΟΚΕΝΤΡΩΜΕΝΗ ΔΙΟΙΚΗΣΗ ΚΡΗΤΗΣ",6.497.000,,
1907,"ΑΠΟΚΕΝΤΡΩΜΕΝΗ ΔΙΟΙΚΗΣΗ ΜΑΚΕΔΟΝΙΑΣ - ΘΡΑΚΗΣ 18.376.000 Σύνολο:",1.293.807.506.000,,
1003,"ΒΟΥΛΗ ΤΩΝ ΕΛΛΗΝΩΝ",2.000.000,,
1004,"ΠΡΟΕΔΡΙΑ ΤΗΣ ΚΥΒΕΡΝΗΣΗΣ",4.000.000,,
1007,"ΥΠΟΥΡΓΕΙΟ ΕΣΩΤΕΡΙΚΩΝ",381.000.000,,
1009,"ΥΠΟΥΡΓΕΙΟ ΕΞΩΤΕΡΙΚΩΝ",30.000.000,,
1011,"ΥΠΟΥΡΓΕΙΟ ΕΘΝΙΚΗΣ ΑΜΥΝΑΣ",69.000.000,,
1015,"ΥΠΟΥΡΓΕΙΟ ΥΓΕΙΑΣ",569.000.000,,
1017,"ΥΠΟΥΡΓΕΙΟ ΔΙΚΑΙΟΣΥΝΗΣ",73.000.000,,
1020,"ΥΠΟΥΡΓΕΙΟ ΠΑΙΔΕΙΑΣ  ΘΡΗΣΚΕΥΜΑΤΩΝ ΚΑΙ ΑΘΛΗΤΙΣΜΟΥ",1.012.000.000,,
1022,"ΥΠΟΥΡΓΕΙΟ ΠΟΛΙΤΙΣΜΟΥ",318.000.000,,
1024,"ΥΠΟΥΡΓΕΙΟ ΕΘΝΙΚΗΣ ΟΙΚΟΝΟΜΙΑΣ ΚΑΙ ΟΙΚΟΝΟΜΙΚΩΝ",3.137.000.000,,
1029,"ΥΠΟΥΡΓΕΙΟ ΑΓΡΟΤΙΚΗΣ ΑΝΑΠΤΥΞΗΣ ΚΑΙ ΤΡΟΦΙΜΩΝ",1.059.000.000,,
1031,"ΥΠΟΥΡΓΕΙΟ ΠΕΡΙΒΑΛΛΟΝΤΟΣ ΚΑΙ ΕΝΕΡΓΕΙΑΣ",2.022.000.000,,
1034,"ΥΠΟΥΡΓΕΙΟ ΚΟΙΝΩΝΙΚΗΣ ΣΥΝΟΧΗΣ ΚΑΙ ΟΙΚΟΓΕΝΕΙΑΣ",203.000.000,,
1036,"ΥΠΟΥΡΓΕΙΟ ΑΝΑΠΤΥΞΗΣ",695.000.000,,
1039,"ΥΠΟΥΡΓΕΙΟ ΥΠΟΔΟΜΩΝ ΚΑΙ ΜΕΤΑΦΟΡΩΝ",1.813.000.000,,
1041,"ΥΠΟΥΡΓΕΙΟ ΝΑΥΤΙΛΙΑΣ ΚΑΙ ΝΗΣΙΩΤΙΚΗΣ ΠΟΛΙΤΙΚΗΣ",315.000.000,,
1045,"ΥΠΟΥΡΓΕΙΟ ΤΟΥΡΙΣΜΟΥ",150.000.000,,
1053,"ΥΠΟΥΡΓΕΙΟ ΨΗΦΙΑΚΗΣ ΔΙΑΚΥΒΕΡΝΗΣΗΣ",922.000.000,,
1055,"ΥΠΟΥΡΓΕΙΟ ΜΕΤΑΝΑΣΤΕΥΣΗΣ ΚΑΙ ΑΣΥΛΟΥ",334.000.000,,
1057,"ΥΠΟΥΡΓΕΙΟ ΠΡΟΣΤΑΣΙΑΣ ΤΟΥ ΠΟΛΙΤΗ",68.000.000,,
21,"Παροχές σε εργαζομένους",3.532.000,,
23,"Μεταβιβάσεις",203.000,,
24,"Αγορές αγαθών και υπηρεσιών",850.000,,
21,"Παροχές σε εργαζομένους",3.532.000,,
23,"Μεταβιβάσεις",203.000,,
24,"Αγορές αγαθών και υπηρεσιών",850.000,,
21,"Παροχές σε εργαζομένους",127.657.000,,
22,"Κοινωνικές παροχές",740.000,,
23,"Μεταβιβάσεις",6.390.000,,
24,"Αγορές αγαθών και υπηρεσιών",30.521.000,,
26,"Τόκοι",1.000,,
29,"Πιστώσεις υπό κατανομή",100.000,,
31,"Πάγια περιουσιακά στοιχεία",4.461.000,,
21,"Παροχές σε εργαζομένους",6.423.000,,
22,"Κοινωνικές παροχές",12.000,,
21,"Παροχές σε εργαζομένους",44.609.000,,
22,"Κοινωνικές παροχές",716.000,,
23,"Μεταβιβάσεις",6.318.000,,
24,"Αγορές αγαθών και υπηρεσιών",15.605.000,,
29,"Πιστώσεις υπό κατανομή",100.000,,
31,"Πάγια περιουσιακά στοιχεία",3.208.000,,
33,"Τιμαλφή",80.000,,
21,"Παροχές σε εργαζομένους",76.625.000,,
22,"Κοινωνικές παροχές",12.000,,
23,"Μεταβιβάσεις",72.000,,
24,"Αγορές αγαθών και υπηρεσιών",14.916.000,,
26,"Τόκοι",1.000,,
31,"Πάγια περιουσιακά στοιχεία 1.253.000 STOP Σύνολο:",169.950.000,,
21,"Παροχές σε εργαζομένους",20.543.000,,
22,"Κοινωνικές παροχές",20.000,,
23,"Μεταβιβάσεις",8.930.000,,
24,"Αγορές αγαθών και υπηρεσιών",4.091.000,,
25,"Επιδοτήσεις",3.600.000,,
21,"Παροχές σε εργαζομένους",1.544.000,,
21,"Παροχές σε εργαζομένους",5.260.000,,
24,"Αγορές αγαθών και υπηρεσιών",3.891.000,,
31,"Πάγια περιουσιακά στοιχεία",505.000,,
21,"Παροχές σε εργαζομένους",6.253.000,,
21,"Παροχές σε εργαζομένους",3.217.000,,
21,"Παροχές σε εργαζομένους",3.877.000,,
22,"Κοινωνικές παροχές",20.000,,
23,"Μεταβιβάσεις",8.930.000,,
24,"Αγορές αγαθών και υπηρεσιών",200.000,,
25,"Επιδοτήσεις",3.600.000,,
21,"Παροχές σε εργαζομένους",164.000,,
21,"Παροχές σε εργαζομένους",89.000,,
21,"Παροχές σε εργαζομένους 139.000 STOP Σύνολο:",37.689.000,,
29,"Πιστώσεις υπό κατανομή",1.500.000,,
29,"Πιστώσεις υπό κατανομή 1.500.000 STOP Σύνολο:",3.000.000,,
21,"Παροχές σε εργαζομένους",68.578.000,,
23,"Μεταβιβάσεις",3.359.467.000,,
24,"Αγορές αγαθών και υπηρεσιών",16.594.000,,
27,"Λοιπές δαπάνες",186.000,,
29,"Πιστώσεις υπό κατανομή",3.200.000,,
21,"Παροχές σε εργαζομένους",1.930.000,,
24,"Αγορές αγαθών και υπηρεσιών",136.000,,
21,"Παροχές σε εργαζομένους",240.000,,
24,"Αγορές αγαθών και υπηρεσιών",343.000,,
21,"Παροχές σε εργαζομένους",10.400.000,,
24,"Αγορές αγαθών και υπηρεσιών",740.000,,
29,"Πιστώσεις υπό κατανομή",3.200.000,,
21,"Παροχές σε εργαζομένους",8.270.000,,
23,"Μεταβιβάσεις",20.180.000,,
24,"Αγορές αγαθών και υπηρεσιών",3.192.000,,
31,"Πάγια περιουσιακά στοιχεία",285.000,,
21,"Παροχές σε εργαζομένους",13.209.000,,
23,"Μεταβιβάσεις",7.138.000,,
24,"Αγορές αγαθών και υπηρεσιών",3.602.000,,
27,"Λοιπές δαπάνες",186.000,,
31,"Πάγια περιουσιακά στοιχεία",190.000,,
21,"Παροχές σε εργαζομένους",218.000,,
24,"Αγορές αγαθών και υπηρεσιών",60.000,,
21,"Παροχές σε εργαζομένους",3.426.000,,
23,"Μεταβιβάσεις",3.330.893.000,,
21,"Παροχές σε εργαζομένους",527.000,,
24,"Αγορές αγαθών και υπηρεσιών",5.000,,
21,"Παροχές σε εργαζομένους",182.000,,
24,"Αγορές αγαθών και υπηρεσιών",44.000,,
21,"Παροχές σε εργαζομένους",15.421.000,,
24,"Αγορές αγαθών και υπηρεσιών",3.885.000,,
31,"Πάγια περιουσιακά στοιχεία",150.000,,
21,"Παροχές σε εργαζομένους",6.702.000,,
23,"Μεταβιβάσεις",6.000,,
24,"Αγορές αγαθών και υπηρεσιών",950.000,,
31,"Πάγια περιουσιακά στοιχεία",80.000,,
21,"Παροχές σε εργαζομένους",5.458.000,,
24,"Αγορές αγαθών και υπηρεσιών",2.821.000,,
31,"Πάγια περιουσιακά στοιχεία",468.000,,
21,"Παροχές σε εργαζομένους",2.595.000,,
23,"Μεταβιβάσεις",1.250.000,,
24,"Αγορές αγαθών και υπηρεσιών",816.000,,
31,"Πάγια περιουσιακά στοιχεία 78.000 STOP Σύνολο:",3.449.276.000,,
29,"Πιστώσεις υπό κατανομή",149.000.000,,
29,"Πιστώσεις υπό κατανομή",121.000.000,,
29,"Πιστώσεις υπό κατανομή",30.000.000,,
29,"Πιστώσεις υπό κατανομή 1.000.000 STOP Σύνολο:",301.000.000,,
29,"Πιστώσεις υπό κατανομή",6.000.000,,
29,"Πιστώσεις υπό κατανομή",73.000.000,,
21,"Παροχές σε εργαζομένους",140.422.000,,
22,"Κοινωνικές παροχές",2.250.000,,
23,"Μεταβιβάσεις",156.829.000,,
24,"Αγορές αγαθών και υπηρεσιών",83.153.000,,
26,"Τόκοι",100.000,,
29,"Πιστώσεις υπό κατανομή",4.920.000,,
31,"Πάγια περιουσιακά στοιχεία",2.433.000,,
21,"Παροχές σε εργαζομένους",4.750.000,,
24,"Αγορές αγαθών και υπηρεσιών",6.469.000,,
21,"Παροχές σε εργαζομένους",15.385.000,,
22,"Κοινωνικές παροχές",2.250.000,,
23,"Μεταβιβάσεις",245.000,,
24,"Αγορές αγαθών και υπηρεσιών",27.965.000,,
31,"Πάγια περιουσιακά στοιχεία",980.000,,
21,"Παροχές σε εργαζομένους",3.603.000,,
23,"Μεταβιβάσεις",1.145.000,,
24,"Αγορές αγαθών και υπηρεσιών",40.000,,
29,"Πιστώσεις υπό κατανομή",4.045.000,,
21,"Παροχές σε εργαζομένους",3.453.000,,
23,"Μεταβιβάσεις",610.000,,
24,"Αγορές αγαθών και υπηρεσιών",135.000,,
29,"Πιστώσεις υπό κατανομή",875.000,,
21,"Παροχές σε εργαζομένους",108.563.000,,
23,"Μεταβιβάσεις",154.829.000,,
24,"Αγορές αγαθών και υπηρεσιών",48.339.000,,
26,"Τόκοι",100.000,,
31,"Πάγια περιουσιακά στοιχεία",1.449.000,,
54,"Δάνεια",130.000,,
21,"Παροχές σε εργαζομένους",4.668.000,,
24,"Αγορές αγαθών και υπηρεσιών",205.000,,
31,"Πάγια περιουσιακά στοιχεία 4.000 STOP Σύνολο:",390.237.000,,
29,"Πιστώσεις υπό κατανομή",400.000,,
29,"Πιστώσεις υπό κατανομή",15.045.000,,
29,"Πιστώσεις υπό κατανομή",537.000,,
29,"Πιστώσεις υπό κατανομή",18.000,,
29,"Πιστώσεις υπό κατανομή 2.000.000 STOP Σύνολο:",18.000.000,,
29,"Πιστώσεις υπό κατανομή",672.000,,
29,"Πιστώσεις υπό κατανομή",512.000,,
29,"Πιστώσεις υπό κατανομή",16.000,,
21,"Παροχές σε εργαζομένους",2.831.342.000,,
22,"Κοινωνικές παροχές",77.846.000,,
23,"Μεταβιβάσεις",51.719.000,,
24,"Αγορές αγαθών και υπηρεσιών",530.721.000,,
27,"Λοιπές δαπάνες",1.337.000,,
29,"Πιστώσεις υπό κατανομή",38.092.000,,
31,"Πάγια περιουσιακά στοιχεία 2.529.943.000 STOP Σύνολο: 6.061.000.000 ΥΠΟΥΡΓΕΙΟ ΕΘΝΙΚΗΣ ΑΜΥΝΑΣ ΠΙΣΤΩΣΕΙΣ ΚΑΤΑ ΜΕΙΖΟΝΑ ΚΑΤΗΓΟΡΙΑ ΔΑΠΑΝΗΣ ΤΑΚΤΙΚΟΣ ΠΡΟΫΠΟΛΟΓΙΣΜΟΣ",5.522.000,,
21,"Παροχές σε εργαζομένους",5.522.000,,
21,"Παροχές σε εργαζομένους",65.000,,
23,"Μεταβιβάσεις",35.537.000,,
24,"Αγορές αγαθών και υπηρεσιών",12.160.000,,
31,"Πάγια περιουσιακά στοιχεία",1.251.000,,
21,"Παροχές σε εργαζομένους",1.551.581.000,,
22,"Κοινωνικές παροχές",36.655.000,,
23,"Μεταβιβάσεις",1.230.000,,
24,"Αγορές αγαθών και υπηρεσιών",192.243.000,,
27,"Λοιπές δαπάνες",1.330.000,,
31,"Πάγια περιουσιακά στοιχεία",6.442.000,,
21,"Παροχές σε εργαζομένους",55.000,,
22,"Κοινωνικές παροχές",164.000,,
24,"Αγορές αγαθών και υπηρεσιών",2.202.000,,
31,"Πάγια περιουσιακά στοιχεία",2.000,,
21,"Παροχές σε εργαζομένους",525.119.000,,
22,"Κοινωνικές παροχές",10.312.000,,
23,"Μεταβιβάσεις",2.510.000,,
24,"Αγορές αγαθών και υπηρεσιών",99.900.000,,
27,"Λοιπές δαπάνες",7.000,,
31,"Πάγια περιουσιακά στοιχεία",4.401.000,,
21,"Παροχές σε εργαζομένους",711.243.000,,
22,"Κοινωνικές παροχές",12.659.000,,
23,"Μεταβιβάσεις",10.792.000,,
24,"Αγορές αγαθών και υπηρεσιών",200.894.000,,
31,"Πάγια περιουσιακά στοιχεία",19.476.000,,
22,"Κοινωνικές παροχές",18.056.000,,
23,"Μεταβιβάσεις",1.650.000,,
24,"Αγορές αγαθών και υπηρεσιών",16.405.000,,
29,"Πιστώσεις υπό κατανομή",38.092.000,,
31,"Πάγια περιουσιακά στοιχεία",2.498.271.000,,
21,"Παροχές σε εργαζομένους",28.683.000,,
24,"Αγορές αγαθών και υπηρεσιών",6.917.000,,
31,"Πάγια περιουσιακά στοιχεία",100.000,,
21,"Παροχές σε εργαζομένους 9.074.000 STOP Σύνολο:",6.061.000.000,,
29,"Πιστώσεις υπό κατανομή",26.000.000,,
29,"Πιστώσεις υπό κατανομή",7.400.000,,
29,"Πιστώσεις υπό κατανομή",11.500.000,,
29,"Πιστώσεις υπό κατανομή 100.000 STOP Σύνολο:",45.000.000,,
29,"Πιστώσεις υπό κατανομή",7.500.000,,
29,"Πιστώσεις υπό κατανομή",8.500.000,,
29,"Πιστώσεις υπό κατανομή",7.000.000,,
21,"Παροχές σε εργαζομένους",2.342.138.000,,
23,"Μεταβιβάσεις",4.158.244.000,,
24,"Αγορές αγαθών και υπηρεσιών",104.679.000,,
29,"Πιστώσεις υπό κατανομή",1.638.000,,
21,"Παροχές σε εργαζομένους",3.509.000,,
24,"Αγορές αγαθών και υπηρεσιών",75.000,,
21,"Παροχές σε εργαζομένους",3.247.000,,
23,"Μεταβιβάσεις",582.621.000,,
24,"Αγορές αγαθών και υπηρεσιών",72.690.000,,
21,"Παροχές σε εργαζομένους",4.291.000,,
23,"Μεταβιβάσεις",3.562.373.000,,
24,"Αγορές αγαθών και υπηρεσιών",8.556.000,,
21,"Παροχές σε εργαζομένους",1.554.000,,
23,"Μεταβιβάσεις",13.250.000,,
24,"Αγορές αγαθών και υπηρεσιών",10.478.000,,
31,"Πάγια περιουσιακά στοιχεία",1.498.000,,
21,"Παροχές σε εργαζομένους",338.000,,
24,"Αγορές αγαθών και υπηρεσιών",614.000,,
31,"Πάγια περιουσιακά στοιχεία",56.000,,
21,"Παροχές σε εργαζομένους",9.075.000,,
24,"Αγορές αγαθών και υπηρεσιών",12.251.000,,
29,"Πιστώσεις υπό κατανομή",1.638.000,,
31,"Πάγια περιουσιακά στοιχεία",171.000,,
21,"Παροχές σε εργαζομένους",67.000,,
24,"Αγορές αγαθών και υπηρεσιών",15.000,,
21,"Παροχές σε εργαζομένους",1.869.497.000,,
21,"Παροχές σε εργαζομένους",360.557.000,,
21,"Παροχές σε εργαζομένους 90.003.000 STOP Σύνολο:",6.608.424.000,,
29,"Πιστώσεις υπό κατανομή",16.000.000,,
29,"Πιστώσεις υπό κατανομή 503.000.000 STOP Σύνολο:",519.000.000,,
29,"Πιστώσεις υπό κατανομή",46.000.000,,
21,"Παροχές σε εργαζομένους",543.684.000,,
23,"Μεταβιβάσεις",4.435.000,,
24,"Αγορές αγαθών και υπηρεσιών",29.167.000,,
29,"Πιστώσεις υπό κατανομή",70.000,,
21,"Παροχές σε εργαζομένους",1.180.000,,
24,"Αγορές αγαθών και υπηρεσιών",270.000,,
21,"Παροχές σε εργαζομένους",497.376.000,,
23,"Μεταβιβάσεις",4.428.000,,
24,"Αγορές αγαθών και υπηρεσιών",24.409.000,,
29,"Πιστώσεις υπό κατανομή",70.000,,
31,"Πάγια περιουσιακά στοιχεία",230.000,,
21,"Παροχές σε εργαζομένους",38.423.000,,
23,"Μεταβιβάσεις",6.000,,
24,"Αγορές αγαθών και υπηρεσιών",1.737.000,,
31,"Πάγια περιουσιακά στοιχεία",123.000,,
21,"Παροχές σε εργαζομένους",2.930.000,,
24,"Αγορές αγαθών και υπηρεσιών",1.690.000,,
21,"Παροχές σε εργαζομένους",1.972.000,,
23,"Μεταβιβάσεις",1.000,,
24,"Αγορές αγαθών και υπηρεσιών",684.000,,
31,"Πάγια περιουσιακά στοιχεία",74.000,,
21,"Παροχές σε εργαζομένους",1.803.000,,
24,"Αγορές αγαθών και υπηρεσιών",377.000,,
31,"Πάγια περιουσιακά στοιχεία 20.000 STOP Σύνολο:",577.803.000,,
29,"Πιστώσεις υπό κατανομή",14.000.000,,
29,"Πιστώσεις υπό κατανομή 53.000.000 STOP Σύνολο:",67.000.000,,
21,"Παροχές σε εργαζομένους",4.935.588.000,,
22,"Κοινωνικές παροχές",440.000,,
23,"Μεταβιβάσεις",530.338.000,,
24,"Αγορές αγαθών και υπηρεσιών",124.934.000,,
25,"Επιδοτήσεις",30.000,,
29,"Πιστώσεις υπό κατανομή",665.000,,
31,"Πάγια περιουσιακά στοιχεία",2.000.000,,
21,"Παροχές σε εργαζομένους",2.357.000,,
21,"Παροχές σε εργαζομένους",231.604.000,,
22,"Κοινωνικές παροχές",20.000,,
23,"Μεταβιβάσεις",3.395.000,,
24,"Αγορές αγαθών και υπηρεσιών",324.000,,
31,"Πάγια περιουσιακά στοιχεία",83.000,,
21,"Παροχές σε εργαζομένους",3.823.844.000,,
22,"Κοινωνικές παροχές",40.000,,
23,"Μεταβιβάσεις",41.038.000,,
24,"Αγορές αγαθών και υπηρεσιών",4.853.000,,
29,"Πιστώσεις υπό κατανομή",200.000,,
31,"Πάγια περιουσιακά στοιχεία",700.000,,
21,"Παροχές σε εργαζομένους",10.500,,
23,"Μεταβιβάσεις",4.000,,
24,"Αγορές αγαθών και υπηρεσιών",88.000,,
31,"Πάγια περιουσιακά στοιχεία",8.500,,
21,"Παροχές σε εργαζομένους",15.000,,
24,"Αγορές αγαθών και υπηρεσιών",294.000,,
31,"Πάγια περιουσιακά στοιχεία",35.000,,
21,"Παροχές σε εργαζομένους",6.500,,
24,"Αγορές αγαθών και υπηρεσιών",98.000,,
31,"Πάγια περιουσιακά στοιχεία",17.000,,
21,"Παροχές σε εργαζομένους",11.500,,
23,"Μεταβιβάσεις",4.000,,
24,"Αγορές αγαθών και υπηρεσιών",190.000,,
31,"Πάγια περιουσιακά στοιχεία",27.000,,
21,"Παροχές σε εργαζομένους",8.000,,
23,"Μεταβιβάσεις",6.000,,
24,"Αγορές αγαθών και υπηρεσιών",106.000,,
31,"Πάγια περιουσιακά στοιχεία",18.000,,
21,"Παροχές σε εργαζομένους",9.500,,
23,"Μεταβιβάσεις",5.000,,
24,"Αγορές αγαθών και υπηρεσιών",102.000,,
31,"Πάγια περιουσιακά στοιχεία",11.000,,
21,"Παροχές σε εργαζομένους",10.000,,
24,"Αγορές αγαθών και υπηρεσιών",93.000,,
31,"Πάγια περιουσιακά στοιχεία",11.000,,
21,"Παροχές σε εργαζομένους",10.000,,
24,"Αγορές αγαθών και υπηρεσιών",99.000,,
31,"Πάγια περιουσιακά στοιχεία",12.000,,
21,"Παροχές σε εργαζομένους",12.000,,
23,"Μεταβιβάσεις",5.000,,
24,"Αγορές αγαθών και υπηρεσιών",240.000,,
31,"Πάγια περιουσιακά στοιχεία",36.500,,
21,"Παροχές σε εργαζομένους",15.000,,
23,"Μεταβιβάσεις",39.000,,
24,"Αγορές αγαθών και υπηρεσιών",122.000,,
31,"Πάγια περιουσιακά στοιχεία",14.000,,
21,"Παροχές σε εργαζομένους",10.000,,
23,"Μεταβιβάσεις",5.000,,
24,"Αγορές αγαθών και υπηρεσιών",287.000,,
31,"Πάγια περιουσιακά στοιχεία",51.000,,
21,"Παροχές σε εργαζομένους",9.000,,
24,"Αγορές αγαθών και υπηρεσιών",104.000,,
31,"Πάγια περιουσιακά στοιχεία",31.000,,
21,"Παροχές σε εργαζομένους",13.000,,
23,"Μεταβιβάσεις",5.000,,
24,"Αγορές αγαθών και υπηρεσιών",120.000,,
31,"Πάγια περιουσιακά στοιχεία",12.000,,
21,"Παροχές σε εργαζομένους",121.500,,
23,"Μεταβιβάσεις",16.000,,
24,"Αγορές αγαθών και υπηρεσιών",16.500,,
21,"Παροχές σε εργαζομένους",27.000,,
23,"Μεταβιβάσεις",11.000,,
24,"Αγορές αγαθών και υπηρεσιών",6.000,,
21,"Παροχές σε εργαζομένους",28.500,,
23,"Μεταβιβάσεις",6.500,,
24,"Αγορές αγαθών και υπηρεσιών",10.000,,
21,"Παροχές σε εργαζομένους",54.000,,
23,"Μεταβιβάσεις",5.000,,
24,"Αγορές αγαθών και υπηρεσιών",12.000,,
21,"Παροχές σε εργαζομένους",61.500,,
23,"Μεταβιβάσεις",53.000,,
24,"Αγορές αγαθών και υπηρεσιών",2.000,,
21,"Παροχές σε εργαζομένους",71.000,,
23,"Μεταβιβάσεις",30.500,,
24,"Αγορές αγαθών και υπηρεσιών",13.500,,
21,"Παροχές σε εργαζομένους",32.500,,
23,"Μεταβιβάσεις",44.000,,
24,"Αγορές αγαθών και υπηρεσιών",8.000,,
21,"Παροχές σε εργαζομένους",14.000,,
23,"Μεταβιβάσεις",14.000,,
24,"Αγορές αγαθών και υπηρεσιών",6.000,,
21,"Παροχές σε εργαζομένους",81.000,,
23,"Μεταβιβάσεις",18.000,,
24,"Αγορές αγαθών και υπηρεσιών",11.000,,
21,"Παροχές σε εργαζομένους",36.000,,
23,"Μεταβιβάσεις",7.500,,
24,"Αγορές αγαθών και υπηρεσιών",9.500,,
21,"Παροχές σε εργαζομένους",9.500,,
23,"Μεταβιβάσεις",3.500,,
24,"Αγορές αγαθών και υπηρεσιών",4.500,,
21,"Παροχές σε εργαζομένους",9.000,,
23,"Μεταβιβάσεις",9.000,,
24,"Αγορές αγαθών και υπηρεσιών",9.000,,
21,"Παροχές σε εργαζομένους",26.500,,
23,"Μεταβιβάσεις",12.000,,
24,"Αγορές αγαθών και υπηρεσιών",10.500,,
21,"Παροχές σε εργαζομένους",60.000,,
23,"Μεταβιβάσεις",7.500,,
24,"Αγορές αγαθών και υπηρεσιών",12.500,,
21,"Παροχές σε εργαζομένους",119.000,,
23,"Μεταβιβάσεις",12.000,,
24,"Αγορές αγαθών και υπηρεσιών",13.000,,
21,"Παροχές σε εργαζομένους",29.000,,
23,"Μεταβιβάσεις",2.500,,
24,"Αγορές αγαθών και υπηρεσιών",3.000,,
21,"Παροχές σε εργαζομένους",13.000,,
23,"Μεταβιβάσεις",2.000,,
24,"Αγορές αγαθών και υπηρεσιών",8.000,,
21,"Παροχές σε εργαζομένους",112.500,,
23,"Μεταβιβάσεις",13.000,,
24,"Αγορές αγαθών και υπηρεσιών",14.500,,
21,"Παροχές σε εργαζομένους",10.000,,
23,"Μεταβιβάσεις",10.000,,
24,"Αγορές αγαθών και υπηρεσιών",11.000,,
21,"Παροχές σε εργαζομένους",159.500,,
23,"Μεταβιβάσεις",21.000,,
24,"Αγορές αγαθών και υπηρεσιών",14.000,,
21,"Παροχές σε εργαζομένους",7.000,,
23,"Μεταβιβάσεις",5.500,,
24,"Αγορές αγαθών και υπηρεσιών",9.000,,
21,"Παροχές σε εργαζομένους",68.500,,
23,"Μεταβιβάσεις",67.000,,
24,"Αγορές αγαθών και υπηρεσιών",22.500,,
21,"Παροχές σε εργαζομένους",57.000,,
23,"Μεταβιβάσεις",11.500,,
24,"Αγορές αγαθών και υπηρεσιών",16.500,,
21,"Παροχές σε εργαζομένους",27.500,,
23,"Μεταβιβάσεις",11.500,,
24,"Αγορές αγαθών και υπηρεσιών",15.000,,
21,"Παροχές σε εργαζομένους",38.000,,
23,"Μεταβιβάσεις",7.000,,
24,"Αγορές αγαθών και υπηρεσιών",7.000,,
21,"Παροχές σε εργαζομένους",17.000,,
23,"Μεταβιβάσεις",4.500,,
24,"Αγορές αγαθών και υπηρεσιών",8.000,,
21,"Παροχές σε εργαζομένους",12.000,,
23,"Μεταβιβάσεις",9.000,,
24,"Αγορές αγαθών και υπηρεσιών",8.000,,
21,"Παροχές σε εργαζομένους",7.000,,
23,"Μεταβιβάσεις",2.000,,
24,"Αγορές αγαθών και υπηρεσιών",6.000,,
21,"Παροχές σε εργαζομένους",22.000,,
23,"Μεταβιβάσεις",6.500,,
24,"Αγορές αγαθών και υπηρεσιών",12.500,,
21,"Παροχές σε εργαζομένους",81.500,,
23,"Μεταβιβάσεις",7.000,,
24,"Αγορές αγαθών και υπηρεσιών",20.000,,
21,"Παροχές σε εργαζομένους",13.500,,
23,"Μεταβιβάσεις",11.000,,
24,"Αγορές αγαθών και υπηρεσιών",7.500,,
21,"Παροχές σε εργαζομένους",55.000,,
23,"Μεταβιβάσεις",7.000,,
24,"Αγορές αγαθών και υπηρεσιών",29.000,,
21,"Παροχές σε εργαζομένους",29.500,,
23,"Μεταβιβάσεις",5.000,,
24,"Αγορές αγαθών και υπηρεσιών",16.000,,
21,"Παροχές σε εργαζομένους",38.500,,
23,"Μεταβιβάσεις",16.000,,
24,"Αγορές αγαθών και υπηρεσιών",25.500,,
21,"Παροχές σε εργαζομένους",23.500,,
23,"Μεταβιβάσεις",5.000,,
24,"Αγορές αγαθών και υπηρεσιών",9.500,,
21,"Παροχές σε εργαζομένους",24.000,,
23,"Μεταβιβάσεις",7.500,,
24,"Αγορές αγαθών και υπηρεσιών",31.500,,
21,"Παροχές σε εργαζομένους",8.000,,
23,"Μεταβιβάσεις",3.500,,
24,"Αγορές αγαθών και υπηρεσιών",5.500,,
21,"Παροχές σε εργαζομένους",48.500,,
23,"Μεταβιβάσεις",16.000,,
24,"Αγορές αγαθών και υπηρεσιών",11.500,,
21,"Παροχές σε εργαζομένους",26.500,,
23,"Μεταβιβάσεις",12.000,,
24,"Αγορές αγαθών και υπηρεσιών",12.500,,
21,"Παροχές σε εργαζομένους",85.500,,
23,"Μεταβιβάσεις",11.000,,
24,"Αγορές αγαθών και υπηρεσιών",14.000,,
21,"Παροχές σε εργαζομένους",70.500,,
23,"Μεταβιβάσεις",8.000,,
24,"Αγορές αγαθών και υπηρεσιών",16.500,,
21,"Παροχές σε εργαζομένους",10.000,,
23,"Μεταβιβάσεις",11.500,,
24,"Αγορές αγαθών και υπηρεσιών",5.000,,
21,"Παροχές σε εργαζομένους",13.500,,
23,"Μεταβιβάσεις",5.000,,
24,"Αγορές αγαθών και υπηρεσιών",8.500,,
21,"Παροχές σε εργαζομένους",45.500,,
23,"Μεταβιβάσεις",6.000,,
24,"Αγορές αγαθών και υπηρεσιών",10.500,,
21,"Παροχές σε εργαζομένους",148.500,,
23,"Μεταβιβάσεις",3.500,,
24,"Αγορές αγαθών και υπηρεσιών",8.500,,
21,"Παροχές σε εργαζομένους",33.500,,
23,"Μεταβιβάσεις",4.000,,
24,"Αγορές αγαθών και υπηρεσιών",8.500,,
21,"Παροχές σε εργαζομένους",13.000,,
23,"Μεταβιβάσεις",9.000,,
24,"Αγορές αγαθών και υπηρεσιών",17.000,,
21,"Παροχές σε εργαζομένους",62.500,,
23,"Μεταβιβάσεις",9.500,,
24,"Αγορές αγαθών και υπηρεσιών",8.000,,
21,"Παροχές σε εργαζομένους",32.000,,
23,"Μεταβιβάσεις",9.000,,
24,"Αγορές αγαθών και υπηρεσιών",13.000,,
21,"Παροχές σε εργαζομένους",12.500,,
23,"Μεταβιβάσεις",5.500,,
24,"Αγορές αγαθών και υπηρεσιών",7.500,,
21,"Παροχές σε εργαζομένους",18.000,,
23,"Μεταβιβάσεις",1.000,,
24,"Αγορές αγαθών και υπηρεσιών",7.000,,
21,"Παροχές σε εργαζομένους",23.500,,
23,"Μεταβιβάσεις",8.000,,
24,"Αγορές αγαθών και υπηρεσιών",22.500,,
21,"Παροχές σε εργαζομένους",40.000,,
23,"Μεταβιβάσεις",7.000,,
24,"Αγορές αγαθών και υπηρεσιών",8.500,,
21,"Παροχές σε εργαζομένους",23.500,,
23,"Μεταβιβάσεις",2.000,,
24,"Αγορές αγαθών και υπηρεσιών",7.500,,
21,"Παροχές σε εργαζομένους",29.000,,
23,"Μεταβιβάσεις",35.000,,
24,"Αγορές αγαθών και υπηρεσιών",2.000,,
21,"Παροχές σε εργαζομένους",43.500,,
23,"Μεταβιβάσεις",24.000,,
24,"Αγορές αγαθών και υπηρεσιών",2.000,,
21,"Παροχές σε εργαζομένους",27.000,,
23,"Μεταβιβάσεις",23.000,,
24,"Αγορές αγαθών και υπηρεσιών",2.000,,
21,"Παροχές σε εργαζομένους",94.000,,
23,"Μεταβιβάσεις",1.000,,
24,"Αγορές αγαθών και υπηρεσιών",43.000,,
21,"Παροχές σε εργαζομένους",53.000,,
23,"Μεταβιβάσεις",2.000,,
24,"Αγορές αγαθών και υπηρεσιών",17.000,,
21,"Παροχές σε εργαζομένους",54.500,,
23,"Μεταβιβάσεις",1.000,,
24,"Αγορές αγαθών και υπηρεσιών",24.000,,
21,"Παροχές σε εργαζομένους",41.000,,
23,"Μεταβιβάσεις",1.000,,
24,"Αγορές αγαθών και υπηρεσιών",39.000,,
21,"Παροχές σε εργαζομένους",145.000,,
23,"Μεταβιβάσεις",1.000,,
24,"Αγορές αγαθών και υπηρεσιών",14.000,,
21,"Παροχές σε εργαζομένους",153.000,,
23,"Μεταβιβάσεις",1.000,,
24,"Αγορές αγαθών και υπηρεσιών",33.000,,
21,"Παροχές σε εργαζομένους",173.000,,
23,"Μεταβιβάσεις",3.500,,
24,"Αγορές αγαθών και υπηρεσιών",35.000,,
21,"Παροχές σε εργαζομένους",65.000,,
23,"Μεταβιβάσεις",1.000,,
24,"Αγορές αγαθών και υπηρεσιών",35.000,,
21,"Παροχές σε εργαζομένους",55.000,,
23,"Μεταβιβάσεις",1.000,,
24,"Αγορές αγαθών και υπηρεσιών",60.000,,
21,"Παροχές σε εργαζομένους",45.000,,
23,"Μεταβιβάσεις",1.000,,
24,"Αγορές αγαθών και υπηρεσιών",46.000,,
21,"Παροχές σε εργαζομένους",20.000,,
23,"Μεταβιβάσεις",1.000,,
24,"Αγορές αγαθών και υπηρεσιών",21.000,,
21,"Παροχές σε εργαζομένους",50.000,,
23,"Μεταβιβάσεις",1.000,,
24,"Αγορές αγαθών και υπηρεσιών",25.000,,
21,"Παροχές σε εργαζομένους",110.000,,
23,"Μεταβιβάσεις",1.000,,
24,"Αγορές αγαθών και υπηρεσιών",38.000,,
21,"Παροχές σε εργαζομένους",75.500,,
23,"Μεταβιβάσεις",1.000,,
24,"Αγορές αγαθών και υπηρεσιών",43.000,,
21,"Παροχές σε εργαζομένους",70.000,,
23,"Μεταβιβάσεις",1.000,,
24,"Αγορές αγαθών και υπηρεσιών",30.000,,
21,"Παροχές σε εργαζομένους",22.000,,
23,"Μεταβιβάσεις",1.000,,
24,"Αγορές αγαθών και υπηρεσιών",21.000,,
21,"Παροχές σε εργαζομένους",51.000,,
23,"Μεταβιβάσεις",1.000,,
24,"Αγορές αγαθών και υπηρεσιών",16.000,,
21,"Παροχές σε εργαζομένους",55.000,,
23,"Μεταβιβάσεις",1.000,,
24,"Αγορές αγαθών και υπηρεσιών",36.000,,
21,"Παροχές σε εργαζομένους",51.000,,
23,"Μεταβιβάσεις",1.000,,
24,"Αγορές αγαθών και υπηρεσιών",40.000,,
21,"Παροχές σε εργαζομένους",115.000,,
23,"Μεταβιβάσεις",1.000,,
24,"Αγορές αγαθών και υπηρεσιών",41.000,,
21,"Παροχές σε εργαζομένους",25.000,,
23,"Μεταβιβάσεις",1.000,,
24,"Αγορές αγαθών και υπηρεσιών",26.000,,
21,"Παροχές σε εργαζομένους",306.000,,
23,"Μεταβιβάσεις",8.000,,
24,"Αγορές αγαθών και υπηρεσιών",69.000,,
21,"Παροχές σε εργαζομένους",36.000,,
23,"Μεταβιβάσεις",1.500,,
24,"Αγορές αγαθών και υπηρεσιών",52.000,,
21,"Παροχές σε εργαζομένους",74.000,,
23,"Μεταβιβάσεις",1.000,,
24,"Αγορές αγαθών και υπηρεσιών",35.000,,
21,"Παροχές σε εργαζομένους",37.000,,
23,"Μεταβιβάσεις",1.000,,
24,"Αγορές αγαθών και υπηρεσιών",14.000,,
21,"Παροχές σε εργαζομένους",23.500,,
23,"Μεταβιβάσεις",1.000,,
24,"Αγορές αγαθών και υπηρεσιών",38.000,,
21,"Παροχές σε εργαζομένους",59.000,,
23,"Μεταβιβάσεις",1.000,,
24,"Αγορές αγαθών και υπηρεσιών",25.000,,
21,"Παροχές σε εργαζομένους",27.000,,
23,"Μεταβιβάσεις",2.500,,
24,"Αγορές αγαθών και υπηρεσιών",25.000,,
21,"Παροχές σε εργαζομένους",29.000,,
23,"Μεταβιβάσεις",1.000,,
24,"Αγορές αγαθών και υπηρεσιών",25.000,,
21,"Παροχές σε εργαζομένους",70.000,,
23,"Μεταβιβάσεις",1.000,,
24,"Αγορές αγαθών και υπηρεσιών",43.000,,
21,"Παροχές σε εργαζομένους",74.000,,
23,"Μεταβιβάσεις",1.000,,
24,"Αγορές αγαθών και υπηρεσιών",31.000,,
21,"Παροχές σε εργαζομένους",103.000,,
23,"Μεταβιβάσεις",1.500,,
24,"Αγορές αγαθών και υπηρεσιών",29.000,,
21,"Παροχές σε εργαζομένους",55.000,,
23,"Μεταβιβάσεις",1.000,,
24,"Αγορές αγαθών και υπηρεσιών",30.000,,
21,"Παροχές σε εργαζομένους",43.000,,
23,"Μεταβιβάσεις",1.000,,
24,"Αγορές αγαθών και υπηρεσιών",42.000,,
21,"Παροχές σε εργαζομένους",58.000,,
23,"Μεταβιβάσεις",1.000,,
24,"Αγορές αγαθών και υπηρεσιών",23.000,,
21,"Παροχές σε εργαζομένους",68.000,,
23,"Μεταβιβάσεις",1.000,,
24,"Αγορές αγαθών και υπηρεσιών",35.000,,
21,"Παροχές σε εργαζομένους",25.500,,
23,"Μεταβιβάσεις",1.000,,
24,"Αγορές αγαθών και υπηρεσιών",14.000,,
21,"Παροχές σε εργαζομένους",81.000,,
23,"Μεταβιβάσεις",1.000,,
24,"Αγορές αγαθών και υπηρεσιών",49.000,,
21,"Παροχές σε εργαζομένους",57.000,,
23,"Μεταβιβάσεις",1.000,,
24,"Αγορές αγαθών και υπηρεσιών",29.000,,
21,"Παροχές σε εργαζομένους",55.000,,
23,"Μεταβιβάσεις",1.000,,
24,"Αγορές αγαθών και υπηρεσιών",20.000,,
21,"Παροχές σε εργαζομένους",69.000,,
23,"Μεταβιβάσεις",1.000,,
24,"Αγορές αγαθών και υπηρεσιών",25.000,,
21,"Παροχές σε εργαζομένους",53.000,,
23,"Μεταβιβάσεις",1.500,,
24,"Αγορές αγαθών και υπηρεσιών",20.000,,
21,"Παροχές σε εργαζομένους",28.000,,
23,"Μεταβιβάσεις",1.000,,
24,"Αγορές αγαθών και υπηρεσιών",25.000,,
21,"Παροχές σε εργαζομένους",48.000,,
23,"Μεταβιβάσεις",1.000,,
24,"Αγορές αγαθών και υπηρεσιών",24.000,,
21,"Παροχές σε εργαζομένους",64.000,,
23,"Μεταβιβάσεις",1.000,,
24,"Αγορές αγαθών και υπηρεσιών",14.000,,
21,"Παροχές σε εργαζομένους",38.000,,
23,"Μεταβιβάσεις",1.000,,
24,"Αγορές αγαθών και υπηρεσιών",34.000,,
21,"Παροχές σε εργαζομένους",65.000,,
23,"Μεταβιβάσεις",1.000,,
24,"Αγορές αγαθών και υπηρεσιών",44.000,,
21,"Παροχές σε εργαζομένους",36.000,,
23,"Μεταβιβάσεις",1.500,,
24,"Αγορές αγαθών και υπηρεσιών",19.000,,
21,"Παροχές σε εργαζομένους",52.000,,
23,"Μεταβιβάσεις",1.000,,
24,"Αγορές αγαθών και υπηρεσιών",31.000,,
21,"Παροχές σε εργαζομένους",40.000,,
23,"Μεταβιβάσεις",1.000,,
24,"Αγορές αγαθών και υπηρεσιών",24.000,,
21,"Παροχές σε εργαζομένους",41.000,,
23,"Μεταβιβάσεις",1.000,,
24,"Αγορές αγαθών και υπηρεσιών",26.000,,
21,"Παροχές σε εργαζομένους",36.000,,
23,"Μεταβιβάσεις",1.000,,
24,"Αγορές αγαθών και υπηρεσιών",50.000,,
21,"Παροχές σε εργαζομένους",86.000,,
23,"Μεταβιβάσεις",1.000,,
24,"Αγορές αγαθών και υπηρεσιών",44.000,,
21,"Παροχές σε εργαζομένους",41.000,,
23,"Μεταβιβάσεις",1.000,,
24,"Αγορές αγαθών και υπηρεσιών",34.000,,
21,"Παροχές σε εργαζομένους",109.000,,
23,"Μεταβιβάσεις",1.000,,
24,"Αγορές αγαθών και υπηρεσιών",14.000,,
21,"Παροχές σε εργαζομένους",120.000,,
23,"Μεταβιβάσεις",1.000,,
24,"Αγορές αγαθών και υπηρεσιών",14.000,,
21,"Παροχές σε εργαζομένους",98.000,,
23,"Μεταβιβάσεις",3.500,,
24,"Αγορές αγαθών και υπηρεσιών",14.000,,
21,"Παροχές σε εργαζομένους",5.505.000,,
23,"Μεταβιβάσεις",36.853.000,,
24,"Αγορές αγαθών και υπηρεσιών",177.000,,
29,"Πιστώσεις υπό κατανομή",155.000,,
21,"Παροχές σε εργαζομένους",1.714.000,,
23,"Μεταβιβάσεις",221.134.000,,
24,"Αγορές αγαθών και υπηρεσιών",84.618.000,,
25,"Επιδοτήσεις",30.000,,
21,"Παροχές σε εργαζομένους",7.239.000,,
22,"Κοινωνικές παροχές",80.000,,
23,"Μεταβιβάσεις",125.513.000,,
24,"Αγορές αγαθών και υπηρεσιών",1.645.000,,
31,"Πάγια περιουσιακά στοιχεία",230.000,,
21,"Παροχές σε εργαζομένους",5.686.000,,
23,"Μεταβιβάσεις",8.000,,
24,"Αγορές αγαθών και υπηρεσιών",6.825.000,,
31,"Πάγια περιουσιακά στοιχεία",44.000,,
33,"Τιμαλφή",5.000,,
21,"Παροχές σε εργαζομένους",28.830.000,,
22,"Κοινωνικές παροχές",300.000,,
23,"Μεταβιβάσεις",101.556.000,,
24,"Αγορές αγαθών και υπηρεσιών",21.796.000,,
29,"Πιστώσεις υπό κατανομή",310.000,,
31,"Πάγια περιουσιακά στοιχεία",605.000,,
21,"Παροχές σε εργαζομένους",58.000,,
24,"Αγορές αγαθών και υπηρεσιών",13.000,,
31,"Πάγια περιουσιακά στοιχεία",6.000,,
21,"Παροχές σε εργαζομένους",923.000,,
24,"Αγορές αγαθών και υπηρεσιών",308.000,,
31,"Πάγια περιουσιακά στοιχεία",41.000,,
21,"Παροχές σε εργαζομένους",53.000,,
24,"Αγορές αγαθών και υπηρεσιών",29.000,,
31,"Πάγια περιουσιακά στοιχεία",7.000,,
21,"Παροχές σε εργαζομένους",6.901.000,,
21,"Παροχές σε εργαζομένους",795.116.000,,
21,"Παροχές σε εργαζομένους",11.026.000,,
21,"Παροχές σε εργαζομένους",2.281.000,,
21,"Παροχές σε εργαζομένους 6.072.000 STOP Σύνολο:",5.594.000.000,,
29,"Πιστώσεις υπό κατανομή",500.000,,
29,"Πιστώσεις υπό κατανομή",10.000.000,,
29,"Πιστώσεις υπό κατανομή",1.000.000,,
29,"Πιστώσεις υπό κατανομή",116.700.000,,
29,"Πιστώσεις υπό κατανομή",11.000.000,,
29,"Πιστώσεις υπό κατανομή",5.800.000,,
29,"Πιστώσεις υπό κατανομή",202.000.000,,
29,"Πιστώσεις υπό κατανομή",1.800.000,,
29,"Πιστώσεις υπό κατανομή",508.000.000,,
29,"Πιστώσεις υπό κατανομή",73.000.000,,
29,"Πιστώσεις υπό κατανομή",77.000.000,,
29,"Πιστώσεις υπό κατανομή",3.000.000,,
21,"Παροχές σε εργαζομένους",145.331.000,,
22,"Κοινωνικές παροχές",600.000,,
23,"Μεταβιβάσεις",84.058.000,,
24,"Αγορές αγαθών και υπηρεσιών",24.430.000,,
21,"Παροχές σε εργαζομένους",2.465.000,,
24,"Αγορές αγαθών και υπηρεσιών",390.000,,
21,"Παροχές σε εργαζομένους",129.679.000,,
22,"Κοινωνικές παροχές",500.000,,
23,"Μεταβιβάσεις",9.794.000,,
24,"Αγορές αγαθών και υπηρεσιών",10.747.000,,
31,"Πάγια περιουσιακά στοιχεία",1.860.000,,
21,"Παροχές σε εργαζομένους",3.348.000,,
22,"Κοινωνικές παροχές",50.000,,
23,"Μεταβιβάσεις",72.642.000,,
24,"Αγορές αγαθών και υπηρεσιών",410.000,,
21,"Παροχές σε εργαζομένους",9.839.000,,
22,"Κοινωνικές παροχές",50.000,,
23,"Μεταβιβάσεις",1.622.000,,
24,"Αγορές αγαθών και υπηρεσιών",12.883.000,,
31,"Πάγια περιουσιακά στοιχεία 1.140.000 STOP Σύνολο:",257.419.000,,
29,"Πιστώσεις υπό κατανομή",14.000.000,,
29,"Πιστώσεις υπό κατανομή",88.000.000,,
29,"Πιστώσεις υπό κατανομή 171.000.000 STOP Σύνολο:",273.000.000,,
29,"Πιστώσεις υπό κατανομή",43.882.000,,
21,"Παροχές σε εργαζομένους",558.131.000,,
22,"Κοινωνικές παροχές",321.116.000,,
23,"Μεταβιβάσεις",3.343.102.000,,
24,"Αγορές αγαθών και υπηρεσιών",344.743.000,,
26,"Τόκοι",7.701.000.000,,
27,"Λοιπές δαπάνες",100.010.000,,
29,"Πιστώσεις υπό κατανομή",2.964.455.000,,
31,"Πάγια περιουσιακά στοιχεία",12.795.000,,
44,"Δάνεια",3.741.000.000,,
45,"Συμμετοχικοί τίτλοι και μερίδια επενδυτικών κεφαλαίων",1.755.112.000,,
53,"Χρεωστικοί τίτλοι (υποχρεώσεις)",19.375.000.000,,
21,"Παροχές σε εργαζομένους",3.810.000,,
24,"Αγορές αγαθών και υπηρεσιών",800.000,,
31,"Πάγια περιουσιακά στοιχεία",80.000,,
21,"Παροχές σε εργαζομένους",5.802.000,,
23,"Μεταβιβάσεις",4.970.000,,
24,"Αγορές αγαθών και υπηρεσιών",1.257.000,,
31,"Πάγια περιουσιακά στοιχεία",55.000,,
21,"Παροχές σε εργαζομένους",37.105.000,,
23,"Μεταβιβάσεις",5.300.000,,
24,"Αγορές αγαθών και υπηρεσιών",3.065.000,,
31,"Πάγια περιουσιακά στοιχεία",210.000,,
24,"Αγορές αγαθών και υπηρεσιών",16.000,,
24,"Αγορές αγαθών και υπηρεσιών",18.000,,
24,"Αγορές αγαθών και υπηρεσιών",23.000,,
24,"Αγορές αγαθών και υπηρεσιών",19.000,,
24,"Αγορές αγαθών και υπηρεσιών",76.000,,
24,"Αγορές αγαθών και υπηρεσιών",37.000,,
24,"Αγορές αγαθών και υπηρεσιών",42.000,,
24,"Αγορές αγαθών και υπηρεσιών",16.000,,
24,"Αγορές αγαθών και υπηρεσιών",41.000,,
24,"Αγορές αγαθών και υπηρεσιών",11.000,,
24,"Αγορές αγαθών και υπηρεσιών",5.000,,
24,"Αγορές αγαθών και υπηρεσιών",7.000,,
24,"Αγορές αγαθών και υπηρεσιών",17.000,,
24,"Αγορές αγαθών και υπηρεσιών",10.000,,
24,"Αγορές αγαθών και υπηρεσιών",23.000,,
24,"Αγορές αγαθών και υπηρεσιών",13.000,,
24,"Αγορές αγαθών και υπηρεσιών",10.000,,
24,"Αγορές αγαθών και υπηρεσιών",8.000,,
24,"Αγορές αγαθών και υπηρεσιών",27.000,,
24,"Αγορές αγαθών και υπηρεσιών",38.000,,
24,"Αγορές αγαθών και υπηρεσιών",7.000,,
24,"Αγορές αγαθών και υπηρεσιών",28.000,,
24,"Αγορές αγαθών και υπηρεσιών",7.000,,
24,"Αγορές αγαθών και υπηρεσιών",9.000,,
24,"Αγορές αγαθών και υπηρεσιών",33.000,,
24,"Αγορές αγαθών και υπηρεσιών",22.000,,
24,"Αγορές αγαθών και υπηρεσιών",29.000,,
24,"Αγορές αγαθών και υπηρεσιών",19.000,,
24,"Αγορές αγαθών και υπηρεσιών",12.000,,
24,"Αγορές αγαθών και υπηρεσιών",9.000,,
24,"Αγορές αγαθών και υπηρεσιών",22.000,,
24,"Αγορές αγαθών και υπηρεσιών",30.000,,
24,"Αγορές αγαθών και υπηρεσιών",15.000,,
24,"Αγορές αγαθών και υπηρεσιών",23.000,,
24,"Αγορές αγαθών και υπηρεσιών",10.000,,
24,"Αγορές αγαθών και υπηρεσιών",24.000,,
24,"Αγορές αγαθών και υπηρεσιών",15.000,,
24,"Αγορές αγαθών και υπηρεσιών",34.000,,
24,"Αγορές αγαθών και υπηρεσιών",14.000,,
24,"Αγορές αγαθών και υπηρεσιών",5.000,,
24,"Αγορές αγαθών και υπηρεσιών",9.000,,
24,"Αγορές αγαθών και υπηρεσιών",13.000,,
24,"Αγορές αγαθών και υπηρεσιών",18.000,,
24,"Αγορές αγαθών και υπηρεσιών",17.000,,
24,"Αγορές αγαθών και υπηρεσιών",28.000,,
24,"Αγορές αγαθών και υπηρεσιών",19.000,,
24,"Αγορές αγαθών και υπηρεσιών",10.000,,
24,"Αγορές αγαθών και υπηρεσιών",29.000,,
24,"Αγορές αγαθών και υπηρεσιών",26.000,,
24,"Αγορές αγαθών και υπηρεσιών",9.000,,
24,"Αγορές αγαθών και υπηρεσιών",15.000,,
24,"Αγορές αγαθών και υπηρεσιών",22.000,,
24,"Αγορές αγαθών και υπηρεσιών",26.000,,
24,"Αγορές αγαθών και υπηρεσιών",20.000,,
21,"Παροχές σε εργαζομένους",13.904.000,,
24,"Αγορές αγαθών και υπηρεσιών",4.720.000,,
31,"Πάγια περιουσιακά στοιχεία",220.000,,
21,"Παροχές σε εργαζομένους",20.720.000,,
24,"Αγορές αγαθών και υπηρεσιών",3.440.000,,
31,"Πάγια περιουσιακά στοιχεία",617.000,,
21,"Παροχές σε εργαζομένους",6.410.000,,
24,"Αγορές αγαθών και υπηρεσιών",1.040.000,,
31,"Πάγια περιουσιακά στοιχεία",80.000,,
21,"Παροχές σε εργαζομένους",1.830.000,,
21,"Παροχές σε εργαζομένους",41.996.000,,
24,"Αγορές αγαθών και υπηρεσιών",2.325.000,,
31,"Πάγια περιουσιακά στοιχεία",75.000,,
21,"Παροχές σε εργαζομένους",4.600.000,,
24,"Αγορές αγαθών και υπηρεσιών",530.000,,
31,"Πάγια περιουσιακά στοιχεία",40.000,,
21,"Παροχές σε εργαζομένους",338.000,,
23,"Μεταβιβάσεις",1.900.000,,
24,"Αγορές αγαθών και υπηρεσιών",120.000,,
31,"Πάγια περιουσιακά στοιχεία",10.000,,
21,"Παροχές σε εργαζομένους",9.400.000,,
23,"Μεταβιβάσεις",78.893.000,,
24,"Αγορές αγαθών και υπηρεσιών",25.657.000,,
31,"Πάγια περιουσιακά στοιχεία",1.750.000,,
45,"Συμμετοχικοί τίτλοι και μερίδια επενδυτικών κεφαλαίων",22.112.000,,
29,"Πιστώσεις υπό κατανομή",180.000.000,,
22,"Κοινωνικές παροχές",321.116.000,,
23,"Μεταβιβάσεις",3.239.671.000,,
24,"Αγορές αγαθών και υπηρεσιών",216.814.000,,
26,"Τόκοι",7.701.000.000,,
27,"Λοιπές δαπάνες",100.000.000,,
29,"Πιστώσεις υπό κατανομή",2.784.155.000,,
31,"Πάγια περιουσιακά στοιχεία",5.614.000,,
44,"Δάνεια",3.741.000.000,,
45,"Συμμετοχικοί τίτλοι και μερίδια επενδυτικών κεφαλαίων",1.733.000.000,,
53,"Χρεωστικοί τίτλοι (υποχρεώσεις)",19.375.000.000,,
54,"Δάνεια",1.203.165.000.000,,
21,"Παροχές σε εργαζομένους",408.260.000,,
23,"Μεταβιβάσεις",12.340.000,,
24,"Αγορές αγαθών και υπηρεσιών",71.898.000,,
27,"Λοιπές δαπάνες",10.000,,
31,"Πάγια περιουσιακά στοιχεία",3.412.000,,
24,"Αγορές αγαθών και υπηρεσιών",111.000,,
24,"Αγορές αγαθών και υπηρεσιών",80.000,,
31,"Πάγια περιουσιακά στοιχεία",3.000,,
24,"Αγορές αγαθών και υπηρεσιών",77.000,,
24,"Αγορές αγαθών και υπηρεσιών",41.000,,
24,"Αγορές αγαθών και υπηρεσιών",848.000,,
31,"Πάγια περιουσιακά στοιχεία",10.000,,
24,"Αγορές αγαθών και υπηρεσιών",497.000,,
24,"Αγορές αγαθών και υπηρεσιών",968.000,,
31,"Πάγια περιουσιακά στοιχεία",38.000,,
24,"Αγορές αγαθών και υπηρεσιών",280.000,,
24,"Αγορές αγαθών και υπηρεσιών",196.000,,
31,"Πάγια περιουσιακά στοιχεία",3.000,,
24,"Αγορές αγαθών και υπηρεσιών",104.000,,
31,"Πάγια περιουσιακά στοιχεία",2.000,,
24,"Αγορές αγαθών και υπηρεσιών",47.000,,
24,"Αγορές αγαθών και υπηρεσιών",73.000,,
31,"Πάγια περιουσιακά στοιχεία",5.000,,
24,"Αγορές αγαθών και υπηρεσιών",178.000,,
31,"Πάγια περιουσιακά στοιχεία",8.000,,
24,"Αγορές αγαθών και υπηρεσιών",194.000,,
31,"Πάγια περιουσιακά στοιχεία",23.000,,
24,"Αγορές αγαθών και υπηρεσιών",111.000,,
31,"Πάγια περιουσιακά στοιχεία",3.000,,
24,"Αγορές αγαθών και υπηρεσιών",47.000,,
31,"Πάγια περιουσιακά στοιχεία",2.000,,
24,"Αγορές αγαθών και υπηρεσιών",34.000,,
24,"Αγορές αγαθών και υπηρεσιών",92.000,,
31,"Πάγια περιουσιακά στοιχεία",3.000,,
24,"Αγορές αγαθών και υπηρεσιών",106.000,,
31,"Πάγια περιουσιακά στοιχεία",1.000,,
24,"Αγορές αγαθών και υπηρεσιών",107.000,,
31,"Πάγια περιουσιακά στοιχεία",3.000,,
24,"Αγορές αγαθών και υπηρεσιών",57.000,,
24,"Αγορές αγαθών και υπηρεσιών",818.000,,
31,"Πάγια περιουσιακά στοιχεία",21.000,,
24,"Αγορές αγαθών και υπηρεσιών",67.000,,
31,"Πάγια περιουσιακά στοιχεία",3.000,,
24,"Αγορές αγαθών και υπηρεσιών",59.000,,
31,"Πάγια περιουσιακά στοιχεία",1.000,,
24,"Αγορές αγαθών και υπηρεσιών",89.000,,
24,"Αγορές αγαθών και υπηρεσιών",73.000,,
31,"Πάγια περιουσιακά στοιχεία",3.000,,
24,"Αγορές αγαθών και υπηρεσιών",119.000,,
31,"Πάγια περιουσιακά στοιχεία",5.000,,
24,"Αγορές αγαθών και υπηρεσιών",51.000,,
24,"Αγορές αγαθών και υπηρεσιών",64.000,,
31,"Πάγια περιουσιακά στοιχεία",5.000,,
24,"Αγορές αγαθών και υπηρεσιών",176.000,,
31,"Πάγια περιουσιακά στοιχεία",12.000,,
24,"Αγορές αγαθών και υπηρεσιών",86.000,,
24,"Αγορές αγαθών και υπηρεσιών",199.000,,
31,"Πάγια περιουσιακά στοιχεία",1.000,,
24,"Αγορές αγαθών και υπηρεσιών",56.000,,
31,"Πάγια περιουσιακά στοιχεία",1.000,,
24,"Αγορές αγαθών και υπηρεσιών",157.000,,
31,"Πάγια περιουσιακά στοιχεία",2.000,,
24,"Αγορές αγαθών και υπηρεσιών",47.000,,
24,"Αγορές αγαθών και υπηρεσιών",128.000,,
31,"Πάγια περιουσιακά στοιχεία",1.000,,
24,"Αγορές αγαθών και υπηρεσιών",39.000,,
31,"Πάγια περιουσιακά στοιχεία",1.000,,
24,"Αγορές αγαθών και υπηρεσιών",149.000,,
24,"Αγορές αγαθών και υπηρεσιών",85.000,,
24,"Αγορές αγαθών και υπηρεσιών",76.000,,
24,"Αγορές αγαθών και υπηρεσιών",91.000,,
31,"Πάγια περιουσιακά στοιχεία",3.000,,
24,"Αγορές αγαθών και υπηρεσιών",72.000,,
31,"Πάγια περιουσιακά στοιχεία",1.000,,
24,"Αγορές αγαθών και υπηρεσιών",49.000,,
31,"Πάγια περιουσιακά στοιχεία",6.000,,
24,"Αγορές αγαθών και υπηρεσιών",72.000,,
31,"Πάγια περιουσιακά στοιχεία",1.000,,
24,"Αγορές αγαθών και υπηρεσιών",44.000,,
24,"Αγορές αγαθών και υπηρεσιών",38.000,,
31,"Πάγια περιουσιακά στοιχεία",2.000,,
24,"Αγορές αγαθών και υπηρεσιών",90.000,,
31,"Πάγια περιουσιακά στοιχεία",3.000,,
24,"Αγορές αγαθών και υπηρεσιών",104.000,,
31,"Πάγια περιουσιακά στοιχεία",3.000,,
24,"Αγορές αγαθών και υπηρεσιών",59.000,,
31,"Πάγια περιουσιακά στοιχεία",1.000,,
24,"Αγορές αγαθών και υπηρεσιών",76.000,,
31,"Πάγια περιουσιακά στοιχεία",1.000,,
24,"Αγορές αγαθών και υπηρεσιών",49.000,,
24,"Αγορές αγαθών και υπηρεσιών",124.000,,
31,"Πάγια περιουσιακά στοιχεία",4.000,,
24,"Αγορές αγαθών και υπηρεσιών",95.000,,
24,"Αγορές αγαθών και υπηρεσιών",46.000,,
31,"Πάγια περιουσιακά στοιχεία",4.000,,
24,"Αγορές αγαθών και υπηρεσιών",32.000,,
24,"Αγορές αγαθών και υπηρεσιών",28.000,,
31,"Πάγια περιουσιακά στοιχεία",1.000,,
24,"Αγορές αγαθών και υπηρεσιών",9.000,,
24,"Αγορές αγαθών και υπηρεσιών",93.000,,
31,"Πάγια περιουσιακά στοιχεία",1.000,,
24,"Αγορές αγαθών και υπηρεσιών",325.000,,
31,"Πάγια περιουσιακά στοιχεία",1.000,,
24,"Αγορές αγαθών και υπηρεσιών",137.000,,
31,"Πάγια περιουσιακά στοιχεία",2.000,,
24,"Αγορές αγαθών και υπηρεσιών",72.000,,
31,"Πάγια περιουσιακά στοιχεία",2.000,,
24,"Αγορές αγαθών και υπηρεσιών",192.000,,
31,"Πάγια περιουσιακά στοιχεία",1.000,,
24,"Αγορές αγαθών και υπηρεσιών",40.000,,
24,"Αγορές αγαθών και υπηρεσιών",55.000,,
31,"Πάγια περιουσιακά στοιχεία",2.000,,
24,"Αγορές αγαθών και υπηρεσιών",61.000,,
31,"Πάγια περιουσιακά στοιχεία",5.000,,
24,"Αγορές αγαθών και υπηρεσιών",240.000,,
31,"Πάγια περιουσιακά στοιχεία",4.000,,
24,"Αγορές αγαθών και υπηρεσιών",35.000,,
31,"Πάγια περιουσιακά στοιχεία",1.000,,
24,"Αγορές αγαθών και υπηρεσιών",28.000,,
24,"Αγορές αγαθών και υπηρεσιών",32.000,,
31,"Πάγια περιουσιακά στοιχεία",2.000,,
24,"Αγορές αγαθών και υπηρεσιών",58.000,,
31,"Πάγια περιουσιακά στοιχεία",3.000,,
24,"Αγορές αγαθών και υπηρεσιών",61.000,,
31,"Πάγια περιουσιακά στοιχεία",2.000,,
24,"Αγορές αγαθών και υπηρεσιών",72.000,,
24,"Αγορές αγαθών και υπηρεσιών",303.000,,
31,"Πάγια περιουσιακά στοιχεία",2.000,,
24,"Αγορές αγαθών και υπηρεσιών",81.000,,
31,"Πάγια περιουσιακά στοιχεία",2.000,,
24,"Αγορές αγαθών και υπηρεσιών",45.000,,
31,"Πάγια περιουσιακά στοιχεία",3.000,,
24,"Αγορές αγαθών και υπηρεσιών",62.000,,
31,"Πάγια περιουσιακά στοιχεία",3.000,,
24,"Αγορές αγαθών και υπηρεσιών",31.000,,
31,"Πάγια περιουσιακά στοιχεία",2.000,,
24,"Αγορές αγαθών και υπηρεσιών",5.000,,
31,"Πάγια περιουσιακά στοιχεία",1.000,,
24,"Αγορές αγαθών και υπηρεσιών",73.000,,
31,"Πάγια περιουσιακά στοιχεία",2.000,,
24,"Αγορές αγαθών και υπηρεσιών",34.000,,
24,"Αγορές αγαθών και υπηρεσιών",32.000,,
24,"Αγορές αγαθών και υπηρεσιών",74.000,,
31,"Πάγια περιουσιακά στοιχεία",2.000,,
24,"Αγορές αγαθών και υπηρεσιών",4.000,,
24,"Αγορές αγαθών και υπηρεσιών",85.000,,
31,"Πάγια περιουσιακά στοιχεία",8.000,,
24,"Αγορές αγαθών και υπηρεσιών",18.000,,
24,"Αγορές αγαθών και υπηρεσιών",71.000,,
24,"Αγορές αγαθών και υπηρεσιών",6.000,,
24,"Αγορές αγαθών και υπηρεσιών",66.000,,
31,"Πάγια περιουσιακά στοιχεία",3.000,,
24,"Αγορές αγαθών και υπηρεσιών",39.000,,
24,"Αγορές αγαθών και υπηρεσιών",42.000,,
31,"Πάγια περιουσιακά στοιχεία",2.000,,
24,"Αγορές αγαθών και υπηρεσιών",39.000,,
31,"Πάγια περιουσιακά στοιχεία",3.000,,
24,"Αγορές αγαθών και υπηρεσιών",34.000,,
24,"Αγορές αγαθών και υπηρεσιών",8.000,,
31,"Πάγια περιουσιακά στοιχεία",1.000,,
24,"Αγορές αγαθών και υπηρεσιών",9.000,,
24,"Αγορές αγαθών και υπηρεσιών",48.000,,
31,"Πάγια περιουσιακά στοιχεία",2.000,,
24,"Αγορές αγαθών και υπηρεσιών",13.000,,
31,"Πάγια περιουσιακά στοιχεία",1.000,,
24,"Αγορές αγαθών και υπηρεσιών",94.000,,
31,"Πάγια περιουσιακά στοιχεία",2.000,,
24,"Αγορές αγαθών και υπηρεσιών",32.000,,
24,"Αγορές αγαθών και υπηρεσιών",5.000,,
31,"Πάγια περιουσιακά στοιχεία",2.000,,
24,"Αγορές αγαθών και υπηρεσιών",35.000,,
24,"Αγορές αγαθών και υπηρεσιών",2.000,,
24,"Αγορές αγαθών και υπηρεσιών",29.000,,
31,"Πάγια περιουσιακά στοιχεία",6.000,,
24,"Αγορές αγαθών και υπηρεσιών",40.000,,
31,"Πάγια περιουσιακά στοιχεία",1.000,,
24,"Αγορές αγαθών και υπηρεσιών",10.000,,
31,"Πάγια περιουσιακά στοιχεία",1.000,,
21,"Παροχές σε εργαζομένους",1.170.000,,
24,"Αγορές αγαθών και υπηρεσιών",429.000,,
31,"Πάγια περιουσιακά στοιχεία",164.000,,
21,"Παροχές σε εργαζομένους",1.550.000,,
23,"Μεταβιβάσεις",28.000,,
24,"Αγορές αγαθών και υπηρεσιών",413.000,,
29,"Πιστώσεις υπό κατανομή",300.000,,
31,"Πάγια περιουσιακά στοιχεία",17.000,,
21,"Παροχές σε εργαζομένους",1.236.000,,
24,"Αγορές αγαθών και υπηρεσιών",316.000,,
31,"Πάγια περιουσιακά στοιχεία 186.000 STOP Σύνολο:",1.243.381.464.000,,
29,"Πιστώσεις υπό κατανομή",502.000.000,,
29,"Πιστώσεις υπό κατανομή",331.000.000,,
29,"Πιστώσεις υπό κατανομή",112.000.000,,
29,"Πιστώσεις υπό κατανομή 92.000.000 STOP Σύνολο:",1.037.000.000,,
29,"Πιστώσεις υπό κατανομή",1.280.000,,
29,"Πιστώσεις υπό κατανομή",1.250.200.000,,
29,"Πιστώσεις υπό κατανομή",9.911.000,,
29,"Πιστώσεις υπό κατανομή",292.000.000,,
29,"Πιστώσεις υπό κατανομή",12.000.000,,
29,"Πιστώσεις υπό κατανομή",504.609.000,,
21,"Παροχές σε εργαζομένους",41.406.000,,
23,"Μεταβιβάσεις",162.814.000,,
24,"Αγορές αγαθών και υπηρεσιών",12.045.000,,
29,"Πιστώσεις υπό κατανομή",4.468.000,,
21,"Παροχές σε εργαζομένους",2.040.000,,
24,"Αγορές αγαθών και υπηρεσιών",1.600.000,,
31,"Πάγια περιουσιακά στοιχεία",45.000,,
21,"Παροχές σε εργαζομένους",26.840.000,,
23,"Μεταβιβάσεις",15.000,,
24,"Αγορές αγαθών και υπηρεσιών",4.382.000,,
31,"Πάγια περιουσιακά στοιχεία",1.083.000,,
21,"Παροχές σε εργαζομένους",6.386.000,,
23,"Μεταβιβάσεις",58.200.000,,
24,"Αγορές αγαθών και υπηρεσιών",2.093.000,,
31,"Πάγια περιουσιακά στοιχεία",276.000,,
21,"Παροχές σε εργαζομένους",6.140.000,,
23,"Μεταβιβάσεις",104.599.000,,
24,"Αγορές αγαθών και υπηρεσιών",3.970.000,,
29,"Πιστώσεις υπό κατανομή",4.468.000,,
31,"Πάγια περιουσιακά στοιχεία 266.000 STOP Σύνολο:",222.403.000,,
29,"Πιστώσεις υπό κατανομή",4.000.000,,
29,"Πιστώσεις υπό κατανομή 205.000.000 STOP Σύνολο:",209.000.000,,
21,"Παροχές σε εργαζομένους",99.679.000,,
22,"Κοινωνικές παροχές",2.733.000,,
23,"Μεταβιβάσεις",189.940.000,,
24,"Αγορές αγαθών και υπηρεσιών",19.928.000,,
29,"Πιστώσεις υπό κατανομή",6.680.000,,
21,"Παροχές σε εργαζομένους",2.256.000,,
24,"Αγορές αγαθών και υπηρεσιών",1.725.000,,
31,"Πάγια περιουσιακά στοιχεία",15.000,,
21,"Παροχές σε εργαζομένους",4.660.000,,
24,"Αγορές αγαθών και υπηρεσιών",978.000,,
31,"Πάγια περιουσιακά στοιχεία",15.000,,
21,"Παροχές σε εργαζομένους",2.608.000,,
22,"Κοινωνικές παροχές",2.733.000,,
23,"Μεταβιβάσεις",146.600.000,,
24,"Αγορές αγαθών και υπηρεσιών",997.000,,
29,"Πιστώσεις υπό κατανομή",400.000,,
31,"Πάγια περιουσιακά στοιχεία",15.000,,
21,"Παροχές σε εργαζομένους",3.934.000,,
23,"Μεταβιβάσεις",40.995.000,,
24,"Αγορές αγαθών και υπηρεσιών",995.000,,
31,"Πάγια περιουσιακά στοιχεία",15.000,,
21,"Παροχές σε εργαζομένους",368.000,,
24,"Αγορές αγαθών και υπηρεσιών",363.000,,
31,"Πάγια περιουσιακά στοιχεία",15.000,,
21,"Παροχές σε εργαζομένους",77.594.000,,
23,"Μεταβιβάσεις",2.345.000,,
24,"Αγορές αγαθών και υπηρεσιών",12.259.000,,
29,"Πιστώσεις υπό κατανομή",6.280.000,,
31,"Πάγια περιουσιακά στοιχεία",157.000,,
21,"Παροχές σε εργαζομένους",8.259.000,,
24,"Αγορές αγαθών και υπηρεσιών",2.611.000,,
31,"Πάγια περιουσιακά στοιχεία 35.000 STOP Σύνολο:",319.227.000,,
29,"Πιστώσεις υπό κατανομή",23.849.000,,
29,"Πιστώσεις υπό κατανομή",29.628.000,,
29,"Πιστώσεις υπό κατανομή",3.739.000,,
29,"Πιστώσεις υπό κατανομή",3.000.000,,
29,"Πιστώσεις υπό κατανομή",9.760.000,,
29,"Πιστώσεις υπό κατανομή",24.000,,
29,"Πιστώσεις υπό κατανομή",1.362.000.000,,
29,"Πιστώσεις υπό κατανομή",67.100.000,,
29,"Πιστώσεις υπό κατανομή",205.933.000,,
29,"Πιστώσεις υπό κατανομή",260.967.000,,
29,"Πιστώσεις υπό κατανομή",47.750.000,,
29,"Πιστώσεις υπό κατανομή",250.000,,
21,"Παροχές σε εργαζομένους",39.452.000,,
23,"Μεταβιβάσεις",18.052.628.000,,
24,"Αγορές αγαθών και υπηρεσιών",12.306.000,,
29,"Πιστώσεις υπό κατανομή",109.086.000,,
21,"Παροχές σε εργαζομένους",1.920.000,,
24,"Αγορές αγαθών και υπηρεσιών",471.000,,
31,"Πάγια περιουσιακά στοιχεία",10.000,,
21,"Παροχές σε εργαζομένους",1.819.000,,
23,"Μεταβιβάσεις",16.752.410.000,,
24,"Αγορές αγαθών και υπηρεσιών",43.000,,
29,"Πιστώσεις υπό κατανομή",109.086.000,,
21,"Παροχές σε εργαζομένους",2.071.000,,
23,"Μεταβιβάσεις",1.298.300.000,,
24,"Αγορές αγαθών και υπηρεσιών",1.757.000,,
21,"Παροχές σε εργαζομένους",6.343.000,,
23,"Μεταβιβάσεις",1.913.000,,
24,"Αγορές αγαθών και υπηρεσιών",5.465.000,,
31,"Πάγια περιουσιακά στοιχεία",1.340.000,,
21,"Παροχές σε εργαζομένους",27.299.000,,
23,"Μεταβιβάσεις",5.000,,
24,"Αγορές αγαθών και υπηρεσιών",4.570.000,,
31,"Πάγια περιουσιακά στοιχεία 262.000 STOP Σύνολο:",18.215.084.000,,
29,"Πιστώσεις υπό κατανομή",20.000.000,,
29,"Πιστώσεις υπό κατανομή 273.000.000 STOP Σύνολο:",293.000.000,,
29,"Πιστώσεις υπό κατανομή",7.000,,
21,"Παροχές σε εργαζομένους",45.269.000,,
22,"Κοινωνικές παροχές",290.000,,
23,"Μεταβιβάσεις",3.736.589.000,,
24,"Αγορές αγαθών και υπηρεσιών",3.655.000,,
21,"Παροχές σε εργαζομένους",1.451.000,,
24,"Αγορές αγαθών και υπηρεσιών",270.000,,
21,"Παροχές σε εργαζομένους",1.889.000,,
22,"Κοινωνικές παροχές",290.000,,
23,"Μεταβιβάσεις",2.086.906.000,,
21,"Παροχές σε εργαζομένους",1.047.000,,
23,"Μεταβιβάσεις",1.649.023.000,,
21,"Παροχές σε εργαζομένους",1.230.000,,
23,"Μεταβιβάσεις",660.000,,
24,"Αγορές αγαθών και υπηρεσιών",256.000,,
21,"Παροχές σε εργαζομένους",1.507.000,,
24,"Αγορές αγαθών και υπηρεσιών",3.129.000,,
31,"Πάγια περιουσιακά στοιχεία",750.000,,
21,"Παροχές σε εργαζομένους 38.145.000 STOP Σύνολο:",3.786.553.000,,
29,"Πιστώσεις υπό κατανομή",1.500.000,,
29,"Πιστώσεις υπό κατανομή",500.000,,
29,"Πιστώσεις υπό κατανομή 100.000.000 STOP Σύνολο:",102.000.000,,
29,"Πιστώσεις υπό κατανομή",66.400.000,,
29,"Πιστώσεις υπό κατανομή",2.400.000,,
29,"Πιστώσεις υπό κατανομή",21.500.000,,
21,"Παροχές σε εργαζομένους",27.920.000,,
23,"Μεταβιβάσεις",88.096.000,,
24,"Αγορές αγαθών και υπηρεσιών",6.665.000,,
29,"Πιστώσεις υπό κατανομή",177.000,,
21,"Παροχές σε εργαζομένους",2.297.000,,
24,"Αγορές αγαθών και υπηρεσιών",318.000,,
21,"Παροχές σε εργαζομένους",3.989.000,,
23,"Μεταβιβάσεις",1.900.000,,
24,"Αγορές αγαθών και υπηρεσιών",195.000,,
31,"Πάγια περιουσιακά στοιχεία",4.000,,
21,"Παροχές σε εργαζομένους",4.736.000,,
23,"Μεταβιβάσεις",151.000,,
24,"Αγορές αγαθών και υπηρεσιών",1.312.000,,
29,"Πιστώσεις υπό κατανομή",125.000,,
31,"Πάγια περιουσιακά στοιχεία",94.000,,
21,"Παροχές σε εργαζομένους",3.096.000,,
24,"Αγορές αγαθών και υπηρεσιών",2.000,,
21,"Παροχές σε εργαζομένους",4.040.000,,
23,"Μεταβιβάσεις",85.026.000,,
24,"Αγορές αγαθών και υπηρεσιών",803.000,,
29,"Πιστώσεις υπό κατανομή",2.000,,
21,"Παροχές σε εργαζομένους",1.911.000,,
24,"Αγορές αγαθών και υπηρεσιών",127.000,,
21,"Παροχές σε εργαζομένους",6.391.000,,
23,"Μεταβιβάσεις",1.019.000,,
24,"Αγορές αγαθών και υπηρεσιών",3.598.000,,
31,"Πάγια περιουσιακά στοιχεία",75.000,,
21,"Παροχές σε εργαζομένους",1.460.000,,
24,"Αγορές αγαθών και υπηρεσιών",310.000,,
29,"Πιστώσεις υπό κατανομή",50.000,,
31,"Πάγια περιουσιακά στοιχεία",14.000,,
29,"Πιστώσεις υπό κατανομή",88.000,,
29,"Πιστώσεις υπό κατανομή",1.400.000,,
29,"Πιστώσεις υπό κατανομή",101.000.000,,
29,"Πιστώσεις υπό κατανομή",7.412.000,,
29,"Πιστώσεις υπό κατανομή",10.100.000,,
29,"Πιστώσεις υπό κατανομή 161.000.000 STOP Σύνολο:",281.000.000,,
29,"Πιστώσεις υπό κατανομή",13.500.000,,
29,"Πιστώσεις υπό κατανομή",34.500.000,,
29,"Πιστώσεις υπό κατανομή",120.000.000,,
29,"Πιστώσεις υπό κατανομή",183.000.000,,
21,"Παροχές σε εργαζομένους",125.154.000,,
22,"Κοινωνικές παροχές",491.000,,
23,"Μεταβιβάσεις",638.422.000,,
24,"Αγορές αγαθών και υπηρεσιών",42.804.000,,
25,"Επιδοτήσεις",62.000.000,,
27,"Λοιπές δαπάνες",20.000,,
21,"Παροχές σε εργαζομένους",1.573.000,,
24,"Αγορές αγαθών και υπηρεσιών",987.000,,
31,"Πάγια περιουσιακά στοιχεία",38.000,,
21,"Παροχές σε εργαζομένους",17.710.000,,
22,"Κοινωνικές παροχές",308.000,,
23,"Μεταβιβάσεις",34.687.000,,
24,"Αγορές αγαθών και υπηρεσιών",4.813.000,,
31,"Πάγια περιουσιακά στοιχεία",38.000,,
21,"Παροχές σε εργαζομένους",7.100.000,,
22,"Κοινωνικές παροχές",76.000,,
23,"Μεταβιβάσεις",603.072.000,,
24,"Αγορές αγαθών και υπηρεσιών",4.726.000,,
25,"Επιδοτήσεις",62.000.000,,
31,"Πάγια περιουσιακά στοιχεία",80.000,,
21,"Παροχές σε εργαζομένους",89.818.000,,
22,"Κοινωνικές παροχές",30.000,,
23,"Μεταβιβάσεις",660.000,,
24,"Αγορές αγαθών και υπηρεσιών",27.818.000,,
27,"Λοιπές δαπάνες",20.000,,
31,"Πάγια περιουσιακά στοιχεία",11.240.000,,
21,"Παροχές σε εργαζομένους",448.000,,
24,"Αγορές αγαθών και υπηρεσιών",410.000,,
31,"Πάγια περιουσιακά στοιχεία",370.000,,
21,"Παροχές σε εργαζομένους",605.000,,
23,"Μεταβιβάσεις",3.000,,
24,"Αγορές αγαθών και υπηρεσιών",636.000,,
31,"Πάγια περιουσιακά στοιχεία",51.000,,
21,"Παροχές σε εργαζομένους",6.886.000,,
22,"Κοινωνικές παροχές",77.000,,
24,"Αγορές αγαθών και υπηρεσιών",3.033.000,,
31,"Πάγια περιουσιακά στοιχεία",1.070.000,,
21,"Παροχές σε εργαζομένους",1.014.000,,
24,"Αγορές αγαθών και υπηρεσιών",381.000,,
31,"Πάγια περιουσιακά στοιχεία",32.000,,
29,"Πιστώσεις υπό κατανομή",493.635.000,,
29,"Πιστώσεις υπό κατανομή",180.320.000,,
29,"Πιστώσεις υπό κατανομή",6.045.000,,
29,"Πιστώσεις υπό κατανομή 393.000.000 STOP Σύνολο:",1.073.000.000,,
29,"Πιστώσεις υπό κατανομή",547.245.000,,
29,"Πιστώσεις υπό κατανομή",192.740.000,,
21,"Παροχές σε εργαζομένους",276.243.000,,
22,"Κοινωνικές παροχές",8.120.000,,
23,"Μεταβιβάσεις",4.545.000,,
24,"Αγορές αγαθών και υπηρεσιών",43.094.000,,
29,"Πιστώσεις υπό κατανομή",4.000.000,,
21,"Παροχές σε εργαζομένους",1.384.000,,
24,"Αγορές αγαθών και υπηρεσιών",190.000,,
31,"Πάγια περιουσιακά στοιχεία",5.000,,
21,"Παροχές σε εργαζομένους",7.283.000,,
23,"Μεταβιβάσεις",800.000,,
24,"Αγορές αγαθών και υπηρεσιών",133.000,,
21,"Παροχές σε εργαζομένους",264.990.000,,
22,"Κοινωνικές παροχές",8.120.000,,
23,"Μεταβιβάσεις",3.332.000,,
24,"Αγορές αγαθών και υπηρεσιών",29.935.000,,
29,"Πιστώσεις υπό κατανομή",4.000.000,,
31,"Πάγια περιουσιακά στοιχεία",685.000,,
31,"Πάγια περιουσιακά στοιχεία",18.500,,
31,"Πάγια περιουσιακά στοιχεία",2.850,,
24,"Αγορές αγαθών και υπηρεσιών",10.000,,
24,"Αγορές αγαθών και υπηρεσιών",10.000,,
24,"Αγορές αγαθών και υπηρεσιών",10.000,,
31,"Πάγια περιουσιακά στοιχεία",1.900,,
24,"Αγορές αγαθών και υπηρεσιών",5.000,,
31,"Πάγια περιουσιακά στοιχεία",14.700,,
24,"Αγορές αγαθών και υπηρεσιών",30.000,,
24,"Αγορές αγαθών και υπηρεσιών",15.000,,
24,"Αγορές αγαθών και υπηρεσιών",25.000,,
31,"Πάγια περιουσιακά στοιχεία",3.800,,
31,"Πάγια περιουσιακά στοιχεία",4.700,,
31,"Πάγια περιουσιακά στοιχεία",2.850,,
24,"Αγορές αγαθών και υπηρεσιών",20.000,,
24,"Αγορές αγαθών και υπηρεσιών",22.000,,
24,"Αγορές αγαθών και υπηρεσιών",22.000,,
24,"Αγορές αγαθών και υπηρεσιών",25.000,,
24,"Αγορές αγαθών και υπηρεσιών",20.000,,
24,"Αγορές αγαθών και υπηρεσιών",14.000,,
24,"Αγορές αγαθών και υπηρεσιών",30.000,,
24,"Αγορές αγαθών και υπηρεσιών",15.000,,
24,"Αγορές αγαθών και υπηρεσιών",30.000,,
24,"Αγορές αγαθών και υπηρεσιών",18.000,,
24,"Αγορές αγαθών και υπηρεσιών",23.000,,
31,"Πάγια περιουσιακά στοιχεία",2.850,,
24,"Αγορές αγαθών και υπηρεσιών",56.000,,
24,"Αγορές αγαθών και υπηρεσιών",15.000,,
31,"Πάγια περιουσιακά στοιχεία",4.750,,
31,"Πάγια περιουσιακά στοιχεία",9.500,,
24,"Αγορές αγαθών και υπηρεσιών",25.000,,
31,"Πάγια περιουσιακά στοιχεία",6.650,,
24,"Αγορές αγαθών και υπηρεσιών",15.000,,
24,"Αγορές αγαθών και υπηρεσιών",30.000,,
31,"Πάγια περιουσιακά στοιχεία",4.750,,
24,"Αγορές αγαθών και υπηρεσιών",27.000,,
24,"Αγορές αγαθών και υπηρεσιών",15.000,,
31,"Πάγια περιουσιακά στοιχεία",7.350,,
24,"Αγορές αγαθών και υπηρεσιών",17.000,,
31,"Πάγια περιουσιακά στοιχεία",3.800,,
24,"Αγορές αγαθών και υπηρεσιών",12.000,,
24,"Αγορές αγαθών και υπηρεσιών",15.000,,
24,"Αγορές αγαθών και υπηρεσιών",13.000,,
31,"Πάγια περιουσιακά στοιχεία",13.050,,
24,"Αγορές αγαθών και υπηρεσιών",2.000,,
31,"Πάγια περιουσιακά στοιχεία",3.800,,
24,"Αγορές αγαθών και υπηρεσιών",15.000,,
24,"Αγορές αγαθών και υπηρεσιών",25.000,,
24,"Αγορές αγαθών και υπηρεσιών",18.000,,
31,"Πάγια περιουσιακά στοιχεία",950,,
24,"Αγορές αγαθών και υπηρεσιών",57.000,,
24,"Αγορές αγαθών και υπηρεσιών",62.000,,
24,"Αγορές αγαθών και υπηρεσιών",37.000,,
24,"Αγορές αγαθών και υπηρεσιών",20.000,,
31,"Πάγια περιουσιακά στοιχεία",4.750,,
24,"Αγορές αγαθών και υπηρεσιών",2.000,,
24,"Αγορές αγαθών και υπηρεσιών",20.000,,
31,"Πάγια περιουσιακά στοιχεία",1.900,,
24,"Αγορές αγαθών και υπηρεσιών",20.000,,
31,"Πάγια περιουσιακά στοιχεία",1.900,,
24,"Αγορές αγαθών και υπηρεσιών",35.000,,
24,"Αγορές αγαθών και υπηρεσιών",26.000,,
31,"Πάγια περιουσιακά στοιχεία",9.700,,
24,"Αγορές αγαθών και υπηρεσιών",13.000,,
21,"Παροχές σε εργαζομένους",2.586.000,,
23,"Μεταβιβάσεις",10.000,,
24,"Αγορές αγαθών και υπηρεσιών",442.000,,
31,"Πάγια περιουσιακά στοιχεία",42.000,,
23,"Μεταβιβάσεις",305.000,,
24,"Αγορές αγαθών και υπηρεσιών",169.000,,
31,"Πάγια περιουσιακά στοιχεία",5.000,,
23,"Μεταβιβάσεις",98.000,,
24,"Αγορές αγαθών και υπηρεσιών 11.289.000 STOP Σύνολο:",336.864.000,,
29,"Πιστώσεις υπό κατανομή",10.000.000,,
29,"Πιστώσεις υπό κατανομή",161.000.000,,
29,"Πιστώσεις υπό κατανομή",50.000.000,,
29,"Πιστώσεις υπό κατανομή 30.000.000 STOP Σύνολο:",251.000.000,,
29,"Πιστώσεις υπό κατανομή",200.000,,
29,"Πιστώσεις υπό κατανομή",32.300.000,,
29,"Πιστώσεις υπό κατανομή",1.500.000,,
21,"Παροχές σε εργαζομένους",14.521.000,,
22,"Κοινωνικές παροχές",800.000,,
23,"Μεταβιβάσεις",12.920.000,,
24,"Αγορές αγαθών και υπηρεσιών",10.502.000,,
21,"Παροχές σε εργαζομένους",1.303.000,,
24,"Αγορές αγαθών και υπηρεσιών",403.000,,
21,"Παροχές σε εργαζομένους",5.589.000,,
24,"Αγορές αγαθών και υπηρεσιών",439.000,,
21,"Παροχές σε εργαζομένους",7.629.000,,
22,"Κοινωνικές παροχές",800.000,,
23,"Μεταβιβάσεις",12.920.000,,
24,"Αγορές αγαθών και υπηρεσιών",9.660.000,,
31,"Πάγια περιουσιακά στοιχεία 550.000 STOP Σύνολο:",39.293.000,,
29,"Πιστώσεις υπό κατανομή",40.000.000,,
29,"Πιστώσεις υπό κατανομή 109.000.000 STOP Σύνολο:",149.000.000,,
21,"Παροχές σε εργαζομένους",22.683.000,,
23,"Μεταβιβάσεις",87.089.000,,
24,"Αγορές αγαθών και υπηρεσιών",24.840.000,,
25,"Επιδοτήσεις",15.000.000,,
21,"Παροχές σε εργαζομένους",1.560.000,,
24,"Αγορές αγαθών και υπηρεσιών",425.000,,
31,"Πάγια περιουσιακά στοιχεία",9.000,,
21,"Παροχές σε εργαζομένους",2.372.000,,
23,"Μεταβιβάσεις",21.949.000,,
24,"Αγορές αγαθών και υπηρεσιών",1.617.000,,
25,"Επιδοτήσεις",15.000.000,,
31,"Πάγια περιουσιακά στοιχεία",7.000,,
21,"Παροχές σε εργαζομένους",14.797.000,,
23,"Μεταβιβάσεις",50.225.000,,
24,"Αγορές αγαθών και υπηρεσιών",19.304.000,,
31,"Πάγια περιουσιακά στοιχεία",2.100.000,,
21,"Παροχές σε εργαζομένους",3.954.000,,
23,"Μεταβιβάσεις",14.915.000,,
24,"Αγορές αγαθών και υπηρεσιών",3.494.000,,
31,"Πάγια περιουσιακά στοιχεία 200.000 STOP Σύνολο:",151.928.000,,
29,"Πιστώσεις υπό κατανομή",80.000.000,,
29,"Πιστώσεις υπό κατανομή 752.000.000 STOP Σύνολο:",832.000.000,,
21,"Παροχές σε εργαζομένους",32.074.000,,
23,"Μεταβιβάσεις",50.180.000,,
24,"Αγορές αγαθών και υπηρεσιών",18.770.000,,
29,"Πιστώσεις υπό κατανομή",40.500.000,,
21,"Παροχές σε εργαζομένους",1.485.000,,
24,"Αγορές αγαθών και υπηρεσιών",845.000,,
31,"Πάγια περιουσιακά στοιχεία",37.000,,
21,"Παροχές σε εργαζομένους",13.751.000,,
24,"Αγορές αγαθών και υπηρεσιών",3.462.000,,
29,"Πιστώσεις υπό κατανομή",40.500.000,,
31,"Πάγια περιουσιακά στοιχεία",96.000,,
21,"Παροχές σε εργαζομένους",10.637.000,,
23,"Μεταβιβάσεις",50.000.000,,
24,"Αγορές αγαθών και υπηρεσιών",10.548.000,,
31,"Πάγια περιουσιακά στοιχεία",92.000,,
21,"Παροχές σε εργαζομένους",712.000,,
24,"Αγορές αγαθών και υπηρεσιών",79.000,,
31,"Πάγια περιουσιακά στοιχεία",47.000,,
21,"Παροχές σε εργαζομένους",5.489.000,,
23,"Μεταβιβάσεις",180.000,,
24,"Αγορές αγαθών και υπηρεσιών",3.836.000,,
31,"Πάγια περιουσιακά στοιχεία 75.000 STOP Σύνολο:",141.871.000,,
29,"Πιστώσεις υπό κατανομή",1.000.000,,
29,"Πιστώσεις υπό κατανομή 28.000.000 STOP Σύνολο:",29.000.000,,
29,"Πιστώσεις υπό κατανομή",44.225.000,,
29,"Πιστώσεις υπό κατανομή",222.650.000,,
29,"Πιστώσεις υπό κατανομή",37.775.000,,
21,"Παροχές σε εργαζομένους",1.880.329.000,,
22,"Κοινωνικές παροχές",9.525.000,,
23,"Μεταβιβάσεις",4.158.000,,
24,"Αγορές αγαθών και υπηρεσιών",296.873.000,,
29,"Πιστώσεις υπό κατανομή",4.500.000,,
21,"Παροχές σε εργαζομένους",6.000.000,,
21,"Παροχές σε εργαζομένους",1.735.409.000,,
22,"Κοινωνικές παροχές",1.500.000,,
23,"Μεταβιβάσεις",2.050.000,,
24,"Αγορές αγαθών και υπηρεσιών",160.946.000,,
31,"Πάγια περιουσιακά στοιχεία",12.666.000,,
24,"Αγορές αγαθών και υπηρεσιών",630.000,,
31,"Πάγια περιουσιακά στοιχεία",30.000,,
24,"Αγορές αγαθών και υπηρεσιών",200.000,,
31,"Πάγια περιουσιακά στοιχεία",20.000,,
24,"Αγορές αγαθών και υπηρεσιών",1.400.000,,
31,"Πάγια περιουσιακά στοιχεία",150.000,,
24,"Αγορές αγαθών και υπηρεσιών",75.000,,
31,"Πάγια περιουσιακά στοιχεία",5.000,,
24,"Αγορές αγαθών και υπηρεσιών",2.500.000,,
31,"Πάγια περιουσιακά στοιχεία",300.000,,
24,"Αγορές αγαθών και υπηρεσιών",2.500.000,,
31,"Πάγια περιουσιακά στοιχεία",2.000.000,,
24,"Αγορές αγαθών και υπηρεσιών",1.600.000,,
31,"Πάγια περιουσιακά στοιχεία",100.000,,
24,"Αγορές αγαθών και υπηρεσιών",300.000,,
31,"Πάγια περιουσιακά στοιχεία",20.000,,
24,"Αγορές αγαθών και υπηρεσιών",100.000,,
31,"Πάγια περιουσιακά στοιχεία",20.000,,
24,"Αγορές αγαθών και υπηρεσιών",130.000,,
31,"Πάγια περιουσιακά στοιχεία",20.000,,
24,"Αγορές αγαθών και υπηρεσιών",300.000,,
31,"Πάγια περιουσιακά στοιχεία",30.000,,
24,"Αγορές αγαθών και υπηρεσιών",50.000,,
31,"Πάγια περιουσιακά στοιχεία",30.000,,
24,"Αγορές αγαθών και υπηρεσιών",600.000,,
31,"Πάγια περιουσιακά στοιχεία",30.000,,
24,"Αγορές αγαθών και υπηρεσιών",300.000,,
31,"Πάγια περιουσιακά στοιχεία",30.000,,
24,"Αγορές αγαθών και υπηρεσιών",2.200.000,,
31,"Πάγια περιουσιακά στοιχεία",50.000,,
24,"Αγορές αγαθών και υπηρεσιών",2.100.000,,
31,"Πάγια περιουσιακά στοιχεία",30.000,,
24,"Αγορές αγαθών και υπηρεσιών",400.000,,
31,"Πάγια περιουσιακά στοιχεία",20.000,,
24,"Αγορές αγαθών και υπηρεσιών",200.000,,
31,"Πάγια περιουσιακά στοιχεία",20.000,,
24,"Αγορές αγαθών και υπηρεσιών",30.000,,
31,"Πάγια περιουσιακά στοιχεία",20.000,,
24,"Αγορές αγαθών και υπηρεσιών",1.770.000,,
31,"Πάγια περιουσιακά στοιχεία",50.000,,
24,"Αγορές αγαθών και υπηρεσιών",5.500.000,,
31,"Πάγια περιουσιακά στοιχεία",50.000,,
24,"Αγορές αγαθών και υπηρεσιών",1.200.000,,
31,"Πάγια περιουσιακά στοιχεία",20.000,,
24,"Αγορές αγαθών και υπηρεσιών",1.550.000,,
31,"Πάγια περιουσιακά στοιχεία",30.000,,
24,"Αγορές αγαθών και υπηρεσιών",2.000.000,,
31,"Πάγια περιουσιακά στοιχεία",30.000,,
24,"Αγορές αγαθών και υπηρεσιών",950.000,,
31,"Πάγια περιουσιακά στοιχεία",20.000,,
24,"Αγορές αγαθών και υπηρεσιών",1.250.000,,
31,"Πάγια περιουσιακά στοιχεία",20.000,,
24,"Αγορές αγαθών και υπηρεσιών",800.000,,
31,"Πάγια περιουσιακά στοιχεία",20.000,,
24,"Αγορές αγαθών και υπηρεσιών",1.300.000,,
31,"Πάγια περιουσιακά στοιχεία",35.000,,
24,"Αγορές αγαθών και υπηρεσιών",1.450.000,,
31,"Πάγια περιουσιακά στοιχεία",40.000,,
24,"Αγορές αγαθών και υπηρεσιών",2.100.000,,
31,"Πάγια περιουσιακά στοιχεία",30.000,,
24,"Αγορές αγαθών και υπηρεσιών",270.000,,
31,"Πάγια περιουσιακά στοιχεία",30.000,,
24,"Αγορές αγαθών και υπηρεσιών",750.000,,
31,"Πάγια περιουσιακά στοιχεία",30.000,,
24,"Αγορές αγαθών και υπηρεσιών",2.000.000,,
31,"Πάγια περιουσιακά στοιχεία",40.000,,
24,"Αγορές αγαθών και υπηρεσιών",350.000,,
31,"Πάγια περιουσιακά στοιχεία",30.000,,
24,"Αγορές αγαθών και υπηρεσιών",500.000,,
31,"Πάγια περιουσιακά στοιχεία",30.000,,
24,"Αγορές αγαθών και υπηρεσιών",650.000,,
31,"Πάγια περιουσιακά στοιχεία",30.000,,
24,"Αγορές αγαθών και υπηρεσιών",350.000,,
31,"Πάγια περιουσιακά στοιχεία",20.000,,
24,"Αγορές αγαθών και υπηρεσιών",600.000,,
31,"Πάγια περιουσιακά στοιχεία",30.000,,
24,"Αγορές αγαθών και υπηρεσιών",330.000,,
31,"Πάγια περιουσιακά στοιχεία",30.000,,
24,"Αγορές αγαθών και υπηρεσιών",400.000,,
31,"Πάγια περιουσιακά στοιχεία",20.000,,
24,"Αγορές αγαθών και υπηρεσιών",250.000,,
31,"Πάγια περιουσιακά στοιχεία",20.000,,
24,"Αγορές αγαθών και υπηρεσιών",500.000,,
31,"Πάγια περιουσιακά στοιχεία",30.000,,
24,"Αγορές αγαθών και υπηρεσιών",400.000,,
31,"Πάγια περιουσιακά στοιχεία",30.000,,
24,"Αγορές αγαθών και υπηρεσιών",400.000,,
31,"Πάγια περιουσιακά στοιχεία",30.000,,
24,"Αγορές αγαθών και υπηρεσιών",350.000,,
31,"Πάγια περιουσιακά στοιχεία",30.000,,
24,"Αγορές αγαθών και υπηρεσιών",280.000,,
31,"Πάγια περιουσιακά στοιχεία",20.000,,
24,"Αγορές αγαθών και υπηρεσιών",350.000,,
31,"Πάγια περιουσιακά στοιχεία",20.000,,
24,"Αγορές αγαθών και υπηρεσιών",470.000,,
31,"Πάγια περιουσιακά στοιχεία",20.000,,
24,"Αγορές αγαθών και υπηρεσιών",470.000,,
31,"Πάγια περιουσιακά στοιχεία",30.000,,
24,"Αγορές αγαθών και υπηρεσιών",300.000,,
31,"Πάγια περιουσιακά στοιχεία",30.000,,
24,"Αγορές αγαθών και υπηρεσιών",400.000,,
31,"Πάγια περιουσιακά στοιχεία",30.000,,
24,"Αγορές αγαθών και υπηρεσιών",320.000,,
31,"Πάγια περιουσιακά στοιχεία",20.000,,
24,"Αγορές αγαθών και υπηρεσιών",650.000,,
31,"Πάγια περιουσιακά στοιχεία",30.000,,
24,"Αγορές αγαθών και υπηρεσιών",150.000,,
31,"Πάγια περιουσιακά στοιχεία",20.000,,
24,"Αγορές αγαθών και υπηρεσιών",250.000,,
31,"Πάγια περιουσιακά στοιχεία",20.000,,
24,"Αγορές αγαθών και υπηρεσιών",650.000,,
31,"Πάγια περιουσιακά στοιχεία",50.000,,
24,"Αγορές αγαθών και υπηρεσιών",350.000,,
31,"Πάγια περιουσιακά στοιχεία",30.000,,
24,"Αγορές αγαθών και υπηρεσιών",500.000,,
31,"Πάγια περιουσιακά στοιχεία",30.000,,
24,"Αγορές αγαθών και υπηρεσιών",550.000,,
31,"Πάγια περιουσιακά στοιχεία",30.000,,
24,"Αγορές αγαθών και υπηρεσιών",370.000,,
31,"Πάγια περιουσιακά στοιχεία",20.000,,
24,"Αγορές αγαθών και υπηρεσιών",300.000,,
31,"Πάγια περιουσιακά στοιχεία",20.000,,
24,"Αγορές αγαθών και υπηρεσιών",550.000,,
31,"Πάγια περιουσιακά στοιχεία",20.000,,
24,"Αγορές αγαθών και υπηρεσιών",350.000,,
31,"Πάγια περιουσιακά στοιχεία",20.000,,
24,"Αγορές αγαθών και υπηρεσιών",950.000,,
31,"Πάγια περιουσιακά στοιχεία",20.000,,
24,"Αγορές αγαθών και υπηρεσιών",400.000,,
31,"Πάγια περιουσιακά στοιχεία",20.000,,
24,"Αγορές αγαθών και υπηρεσιών",350.000,,
31,"Πάγια περιουσιακά στοιχεία",20.000,,
24,"Αγορές αγαθών και υπηρεσιών",400.000,,
31,"Πάγια περιουσιακά στοιχεία",20.000,,
24,"Αγορές αγαθών και υπηρεσιών",220.000,,
31,"Πάγια περιουσιακά στοιχεία",20.000,,
24,"Αγορές αγαθών και υπηρεσιών",320.000,,
31,"Πάγια περιουσιακά στοιχεία",20.000,,
24,"Αγορές αγαθών και υπηρεσιών",400.000,,
31,"Πάγια περιουσιακά στοιχεία",20.000,,
24,"Αγορές αγαθών και υπηρεσιών",750.000,,
31,"Πάγια περιουσιακά στοιχεία",20.000,,
24,"Αγορές αγαθών και υπηρεσιών",200.000,,
31,"Πάγια περιουσιακά στοιχεία",20.000,,
24,"Αγορές αγαθών και υπηρεσιών",900.000,,
31,"Πάγια περιουσιακά στοιχεία",20.000,,
24,"Αγορές αγαθών και υπηρεσιών",600.000,,
31,"Πάγια περιουσιακά στοιχεία",20.000,,
24,"Αγορές αγαθών και υπηρεσιών",450.000,,
31,"Πάγια περιουσιακά στοιχεία",20.000,,
24,"Αγορές αγαθών και υπηρεσιών",650.000,,
31,"Πάγια περιουσιακά στοιχεία",20.000,,
24,"Αγορές αγαθών και υπηρεσιών",550.000,,
31,"Πάγια περιουσιακά στοιχεία",20.000,,
24,"Αγορές αγαθών και υπηρεσιών",350.000,,
31,"Πάγια περιουσιακά στοιχεία",20.000,,
24,"Αγορές αγαθών και υπηρεσιών",550.000,,
31,"Πάγια περιουσιακά στοιχεία",20.000,,
24,"Αγορές αγαθών και υπηρεσιών",1.100.000,,
31,"Πάγια περιουσιακά στοιχεία",20.000,,
24,"Αγορές αγαθών και υπηρεσιών",570.000,,
31,"Πάγια περιουσιακά στοιχεία",20.000,,
24,"Αγορές αγαθών και υπηρεσιών",450.000,,
31,"Πάγια περιουσιακά στοιχεία",20.000,,
24,"Αγορές αγαθών και υπηρεσιών",600.000,,
31,"Πάγια περιουσιακά στοιχεία",20.000,,
24,"Αγορές αγαθών και υπηρεσιών",420.000,,
31,"Πάγια περιουσιακά στοιχεία",20.000,,
24,"Αγορές αγαθών και υπηρεσιών",1.500.000,,
31,"Πάγια περιουσιακά στοιχεία",20.000,,
24,"Αγορές αγαθών και υπηρεσιών",650.000,,
31,"Πάγια περιουσιακά στοιχεία",20.000,,
24,"Αγορές αγαθών και υπηρεσιών",510.000,,
31,"Πάγια περιουσιακά στοιχεία",20.000,,
24,"Αγορές αγαθών και υπηρεσιών",450.000,,
31,"Πάγια περιουσιακά στοιχεία",20.000,,
24,"Αγορές αγαθών και υπηρεσιών",450.000,,
31,"Πάγια περιουσιακά στοιχεία",20.000,,
24,"Αγορές αγαθών και υπηρεσιών",1.000.000,,
31,"Πάγια περιουσιακά στοιχεία",50.000,,
24,"Αγορές αγαθών και υπηρεσιών",400.000,,
31,"Πάγια περιουσιακά στοιχεία",20.000,,
24,"Αγορές αγαθών και υπηρεσιών",4.500.000,,
31,"Πάγια περιουσιακά στοιχεία",2.000.000,,
24,"Αγορές αγαθών και υπηρεσιών",130.000,,
31,"Πάγια περιουσιακά στοιχεία",20.000,,
24,"Αγορές αγαθών και υπηρεσιών",650.000,,
31,"Πάγια περιουσιακά στοιχεία",30.000,,
24,"Αγορές αγαθών και υπηρεσιών",120.000,,
31,"Πάγια περιουσιακά στοιχεία",20.000,,
24,"Αγορές αγαθών και υπηρεσιών",50.000,,
31,"Πάγια περιουσιακά στοιχεία",20.000,,
21,"Παροχές σε εργαζομένους",117.666.000,,
22,"Κοινωνικές παροχές",25.000,,
23,"Μεταβιβάσεις",2.108.000,,
24,"Αγορές αγαθών και υπηρεσιών",51.492.000,,
29,"Πιστώσεις υπό κατανομή",4.500.000,,
31,"Πάγια περιουσιακά στοιχεία",1.919.000,,
21,"Παροχές σε εργαζομένους",20.654.000,,
21,"Παροχές σε εργαζομένους",600.000,,
22,"Κοινωνικές παροχές",8.000.000,,
24,"Αγορές αγαθών και υπηρεσιών",12.000.000,,
31,"Πάγια περιουσιακά στοιχεία 1.010.000 STOP Σύνολο:",2.217.820.000,,
29,"Πιστώσεις υπό κατανομή",500.000,,
29,"Πιστώσεις υπό κατανομή 7.500.000 STOP Σύνολο:",8.000.000,,
29,"Πιστώσεις υπό κατανομή",2.000.000,,
29,"Πιστώσεις υπό κατανομή",6.000.000,,
21,"Παροχές σε εργαζομένους",501.183.000,,
22,"Κοινωνικές παροχές",150.000,,
23,"Μεταβιβάσεις",10.269.000,,
24,"Αγορές αγαθών και υπηρεσιών",241.718.000,,
29,"Πιστώσεις υπό κατανομή",502.000,,
21,"Παροχές σε εργαζομένους",2.355.000,,
21,"Παροχές σε εργαζομένους",487.700.000,,
22,"Κοινωνικές παροχές",150.000,,
23,"Μεταβιβάσεις",8.769.000,,
24,"Αγορές αγαθών και υπηρεσιών",237.025.000,,
29,"Πιστώσεις υπό κατανομή",502.000,,
31,"Πάγια περιουσιακά στοιχεία",5.694.000,,
24,"Αγορές αγαθών και υπηρεσιών",43.000,,
24,"Αγορές αγαθών και υπηρεσιών",141.000,,
24,"Αγορές αγαθών και υπηρεσιών",45.000,,
24,"Αγορές αγαθών και υπηρεσιών",46.000,,
24,"Αγορές αγαθών και υπηρεσιών",32.000,,
24,"Αγορές αγαθών και υπηρεσιών",28.000,,
24,"Αγορές αγαθών και υπηρεσιών",31.000,,
24,"Αγορές αγαθών και υπηρεσιών",40.000,,
24,"Αγορές αγαθών και υπηρεσιών",21.000,,
24,"Αγορές αγαθών και υπηρεσιών",28.000,,
24,"Αγορές αγαθών και υπηρεσιών",21.000,,
24,"Αγορές αγαθών και υπηρεσιών",22.000,,
24,"Αγορές αγαθών και υπηρεσιών",40.000,,
24,"Αγορές αγαθών και υπηρεσιών",20.000,,
24,"Αγορές αγαθών και υπηρεσιών",52.000,,
24,"Αγορές αγαθών και υπηρεσιών",26.000,,
24,"Αγορές αγαθών και υπηρεσιών",41.000,,
24,"Αγορές αγαθών και υπηρεσιών",27.000,,
24,"Αγορές αγαθών και υπηρεσιών",11.000,,
24,"Αγορές αγαθών και υπηρεσιών",17.000,,
24,"Αγορές αγαθών και υπηρεσιών",20.000,,
24,"Αγορές αγαθών και υπηρεσιών",27.000,,
24,"Αγορές αγαθών και υπηρεσιών",15.000,,
24,"Αγορές αγαθών και υπηρεσιών",24.000,,
24,"Αγορές αγαθών και υπηρεσιών",64.000,,
24,"Αγορές αγαθών και υπηρεσιών",22.000,,
24,"Αγορές αγαθών και υπηρεσιών",21.000,,
24,"Αγορές αγαθών και υπηρεσιών",21.000,,
24,"Αγορές αγαθών και υπηρεσιών",47.000,,
24,"Αγορές αγαθών και υπηρεσιών",25.000,,
24,"Αγορές αγαθών και υπηρεσιών",19.000,,
24,"Αγορές αγαθών και υπηρεσιών",20.000,,
24,"Αγορές αγαθών και υπηρεσιών",82.000,,
24,"Αγορές αγαθών και υπηρεσιών",51.000,,
24,"Αγορές αγαθών και υπηρεσιών",42.000,,
24,"Αγορές αγαθών και υπηρεσιών",98.000,,
24,"Αγορές αγαθών και υπηρεσιών",29.000,,
24,"Αγορές αγαθών και υπηρεσιών",46.000,,
24,"Αγορές αγαθών και υπηρεσιών",19.000,,
24,"Αγορές αγαθών και υπηρεσιών",42.000,,
24,"Αγορές αγαθών και υπηρεσιών",30.000,,
24,"Αγορές αγαθών και υπηρεσιών",45.000,,
24,"Αγορές αγαθών και υπηρεσιών",13.000,,
24,"Αγορές αγαθών και υπηρεσιών",16.000,,
24,"Αγορές αγαθών και υπηρεσιών",40.000,,
24,"Αγορές αγαθών και υπηρεσιών",23.000,,
24,"Αγορές αγαθών και υπηρεσιών",37.000,,
24,"Αγορές αγαθών και υπηρεσιών",32.000,,
24,"Αγορές αγαθών και υπηρεσιών",34.000,,
24,"Αγορές αγαθών και υπηρεσιών",49.000,,
24,"Αγορές αγαθών και υπηρεσιών",21.000,,
24,"Αγορές αγαθών και υπηρεσιών",43.000,,
24,"Αγορές αγαθών και υπηρεσιών",41.000,,
24,"Αγορές αγαθών και υπηρεσιών",56.000,,
24,"Αγορές αγαθών και υπηρεσιών",20.000,,
24,"Αγορές αγαθών και υπηρεσιών",20.000,,
24,"Αγορές αγαθών και υπηρεσιών",70.000,,
24,"Αγορές αγαθών και υπηρεσιών",46.000,,
24,"Αγορές αγαθών και υπηρεσιών",40.000,,
24,"Αγορές αγαθών και υπηρεσιών",42.000,,
24,"Αγορές αγαθών και υπηρεσιών",40.000,,
24,"Αγορές αγαθών και υπηρεσιών",53.000,,
24,"Αγορές αγαθών και υπηρεσιών",43.000,,
24,"Αγορές αγαθών και υπηρεσιών",26.000,,
24,"Αγορές αγαθών και υπηρεσιών",28.000,,
24,"Αγορές αγαθών και υπηρεσιών",15.000,,
24,"Αγορές αγαθών και υπηρεσιών",24.000,,
24,"Αγορές αγαθών και υπηρεσιών",48.000,,
24,"Αγορές αγαθών και υπηρεσιών",5.000,,
24,"Αγορές αγαθών και υπηρεσιών",44.000,,
24,"Αγορές αγαθών και υπηρεσιών",24.000,,
24,"Αγορές αγαθών και υπηρεσιών",44.000,,
24,"Αγορές αγαθών και υπηρεσιών",384.000,,
24,"Αγορές αγαθών και υπηρεσιών",11.000,,
24,"Αγορές αγαθών και υπηρεσιών",14.000,,
24,"Αγορές αγαθών και υπηρεσιών",10.000,,
21,"Παροχές σε εργαζομένους",8.119.000,,
23,"Μεταβιβάσεις",1.500.000,,
24,"Αγορές αγαθών και υπηρεσιών",1.696.000,,
31,"Πάγια περιουσιακά στοιχεία",600.000,,
21,"Παροχές σε εργαζομένους",3.009.000,,
29,"Πιστώσεις υπό κατανομή",170.000.000,,
29,"Πιστώσεις υπό κατανομή",10.000.000,,
29,"Πιστώσεις υπό κατανομή 201.000.000 STOP Σύνολο:",381.000.000,,
21,"Παροχές σε εργαζομένους",10.646.000,,
24,"Αγορές αγαθών και υπηρεσιών",2.194.000,,
21,"Παροχές σε εργαζομένους",313.000,,
24,"Αγορές αγαθών και υπηρεσιών",35.000,,
31,"Πάγια περιουσιακά στοιχεία",1.000,,
21,"Παροχές σε εργαζομένους",382.000,,
24,"Αγορές αγαθών και υπηρεσιών",81.000,,
21,"Παροχές σε εργαζομένους",3.961.000,,
24,"Αγορές αγαθών και υπηρεσιών",338.000,,
31,"Πάγια περιουσιακά στοιχεία",246.000,,
21,"Παροχές σε εργαζομένους",2.313.000,,
24,"Αγορές αγαθών και υπηρεσιών",903.000,,
31,"Πάγια περιουσιακά στοιχεία",2.000,,
21,"Παροχές σε εργαζομένους",3.677.000,,
24,"Αγορές αγαθών και υπηρεσιών",837.000,,
21,"Παροχές σε εργαζομένους",8.475.000,,
21,"Παροχές σε εργαζομένους",192.000,,
24,"Αγορές αγαθών και υπηρεσιών",54.000,,
21,"Παροχές σε εργαζομένους",148.000,,
24,"Αγορές αγαθών και υπηρεσιών",9.000,,
21,"Παροχές σε εργαζομένους",2.757.000,,
24,"Αγορές αγαθών και υπηρεσιών",380.000,,
21,"Παροχές σε εργαζομένους",5.378.000,,
21,"Παροχές σε εργαζομένους",8.354.000,,
24,"Αγορές αγαθών και υπηρεσιών",1.369.000,,
21,"Παροχές σε εργαζομένους",352.000,,
24,"Αγορές αγαθών και υπηρεσιών",74.000,,
21,"Παροχές σε εργαζομένους",265.000,,
24,"Αγορές αγαθών και υπηρεσιών",35.000,,
21,"Παροχές σε εργαζομένους",3.892.000,,
24,"Αγορές αγαθών και υπηρεσιών",299.000,,
31,"Πάγια περιουσιακά στοιχεία",110.000,,
21,"Παροχές σε εργαζομένους",3.845.000,,
24,"Αγορές αγαθών και υπηρεσιών",961.000,,
21,"Παροχές σε εργαζομένους",12.352.000,,
22,"Κοινωνικές παροχές",15.000,,
24,"Αγορές αγαθών και υπηρεσιών",2.477.000,,
21,"Παροχές σε εργαζομένους",460.000,,
24,"Αγορές αγαθών και υπηρεσιών",113.000,,
21,"Παροχές σε εργαζομένους",1.436.000,,
22,"Κοινωνικές παροχές",15.000,,
24,"Αγορές αγαθών και υπηρεσιών",213.000,,
21,"Παροχές σε εργαζομένους",2.623.000,,
24,"Αγορές αγαθών και υπηρεσιών",503.000,,
31,"Πάγια περιουσιακά στοιχεία",47.000,,
21,"Παροχές σε εργαζομένους",7.833.000,,
24,"Αγορές αγαθών και υπηρεσιών",1.648.000,,
21,"Παροχές σε εργαζομένους",5.243.000,,
21,"Παροχές σε εργαζομένους",482.000,,
24,"Αγορές αγαθών και υπηρεσιών",20.000,,
21,"Παροχές σε εργαζομένους",106.000,,
24,"Αγορές αγαθών και υπηρεσιών",1.000,,
21,"Παροχές σε εργαζομένους",1.705.000,,
24,"Αγορές αγαθών και υπηρεσιών",128.000,,
21,"Παροχές σε εργαζομένους",2.950.000,,
21,"Παροχές σε εργαζομένους",5.643.000,,
24,"Αγορές αγαθών και υπηρεσιών",792.000,,
21,"Παροχές σε εργαζομένους",298.000,,
24,"Αγορές αγαθών και υπηρεσιών",50.000,,
31,"Πάγια περιουσιακά στοιχεία",2.000,,
21,"Παροχές σε εργαζομένους",139.000,,
24,"Αγορές αγαθών και υπηρεσιών",13.000,,
21,"Παροχές σε εργαζομένους",1.119.000,,
24,"Αγορές αγαθών και υπηρεσιών",117.000,,
31,"Πάγια περιουσιακά στοιχεία",24.000,,
21,"Παροχές σε εργαζομένους",4.087.000,,
24,"Αγορές αγαθών και υπηρεσιών",612.000,,
21,"Παροχές σε εργαζομένους",15.627.000,,
24,"Αγορές αγαθών και υπηρεσιών",2.578.000,,
21,"Παροχές σε εργαζομένους",472.000,,
24,"Αγορές αγαθών και υπηρεσιών",46.000,,
31,"Πάγια περιουσιακά στοιχεία",2.000,,
21,"Παροχές σε εργαζομένους",315.000,,
24,"Αγορές αγαθών και υπηρεσιών",12.000,,
31,"Πάγια περιουσιακά στοιχεία",3.000,,
21,"Παροχές σε εργαζομένους",4.945.000,,
24,"Αγορές αγαθών και υπηρεσιών",641.000,,
31,"Πάγια περιουσιακά στοιχεία",43.000,,
21,"Παροχές σε εργαζομένους",9.895.000,,
24,"Αγορές αγαθών και υπηρεσιών",1.879.000,,
31,"Πάγια περιουσιακά στοιχεία 123.000 STOP Σύνολο: 18.376.000 Όλοι οι Α. Λ. Εξόδων των Προϋπολογισμών της Προεδρίας της Δημοκρατίας  της Βουλής των Ελλήνων  της Προεδρίας της Κυβέρνησης  των Υπουργείων  των Περιφερειακών Υπηρεσιών και των Αποκεντρωμένων Διοικήσεων είναι δεκτικοί έκδοσης Επιτροπικών Ενταλμάτων και Χρηματικών Ενταλμάτων Προπληρωμής. Οικονομικό έτος",2025,,
